file_name,class,file_size_kb,width,height,channels,aspect_ratio,blur_score_laplacian_var,brightness_mean,contrast_std,entropy,r_mean,g_mean,b_mean,file_path
Broken_01.jpg,Broken,93.9921875,500,500,3,1.0,15.604931964656,196.19282,30.433562138658694,5.096380516646046,200.429144,195.073136,190.729964,archive\Broken\Broken_01.jpg
Broken_02.jpg,Broken,88.185546875,500,500,3,1.0,9.627147994223998,203.86604,20.770573577019967,4.373878600845437,206.053616,203.227824,201.23274,archive\Broken\Broken_02.jpg
Broken_03.jpg,Broken,88.9375,500,500,3,1.0,16.771875900144,204.568904,29.649125117594686,4.086279330968536,209.045032,203.165476,199.704464,archive\Broken\Broken_03.jpg
Broken_04.jpg,Broken,80.6005859375,500,500,3,1.0,9.582515895024,210.845472,15.89414587504519,3.883743087793407,214.278488,209.869388,206.538976,archive\Broken\Broken_04.jpg
Broken_05.jpg,Broken,83.1220703125,500,500,3,1.0,13.143415777216003,207.280544,23.623030268449135,3.9501651075638975,210.277624,206.447856,203.645452,archive\Broken\Broken_05.jpg
Broken_06.jpg,Broken,88.845703125,500,500,3,1.0,15.1844679964,208.322932,20.34194638974786,4.174518661322773,212.175872,207.302692,203.174164,archive\Broken\Broken_06.jpg
Broken_07.jpg,Broken,85.11328125,500,500,3,1.0,10.416747988336,209.794176,17.519080469049282,3.924005563505982,212.636624,209.121032,205.479428,archive\Broken\Broken_07.jpg
Broken_08.jpg,Broken,79.80859375,500,500,3,1.0,8.736239974399998,211.044248,17.804391652468667,3.6992432380336733,213.704028,210.263384,207.930964,archive\Broken\Broken_08.jpg
Broken_09.jpg,Broken,79.56640625,500,500,3,1.0,9.705779919344,210.771416,18.72198187572416,3.7811508300527508,212.924548,209.987784,209.106288,archive\Broken\Broken_09.jpg
Broken_10.jpg,Broken,77.3203125,500,500,3,1.0,8.820567971776,206.34184,24.34059558462775,4.1275982431777996,209.245436,205.557512,202.757676,archive\Broken\Broken_10.jpg
Broken_11.jpg,Broken,91.0224609375,500,500,3,1.0,13.320311966143999,197.328756,27.282295128754548,4.8219089774648,199.966084,196.699128,193.569772,archive\Broken\Broken_11.jpg
Broken_12.jpg,Broken,108.1552734375,500,500,3,1.0,25.475671504384003,189.311512,34.84924045476251,5.338220905363948,193.147264,188.565388,182.894064,archive\Broken\Broken_12.jpg
Broken_13.jpg,Broken,93.091796875,500,500,3,1.0,14.091511976896,203.8108,22.437078137761166,4.344055869424523,207.66896,202.800052,198.509688,archive\Broken\Broken_13.jpg
Broken_14.jpg,Broken,102.73046875,500,500,3,1.0,19.417691940463996,189.127268,32.65842529663939,5.3296150779949185,192.112172,188.52802,184.112884,archive\Broken\Broken_14.jpg
Broken_15.jpg,Broken,94.9443359375,500,500,3,1.0,12.093423704064,193.98162,30.167731273259513,4.81070389090115,197.694572,193.044788,188.78986,archive\Broken\Broken_15.jpg
Broken_16.jpg,Broken,96.2255859375,500,500,3,1.0,12.278771998704002,196.153568,25.11460915223201,4.9487679279239805,199.220932,195.587196,190.727816,archive\Broken\Broken_16.jpg
Broken_17.jpg,Broken,96.205078125,500,500,3,1.0,19.703939955055997,198.50154,26.057434210382265,4.510553009548015,201.66426,197.690652,194.35522,archive\Broken\Broken_17.jpg
Broken_18.jpg,Broken,90.8701171875,500,500,3,1.0,11.042927994815997,196.673532,23.099351996213574,4.763436646149323,200.017872,196.014632,190.928052,archive\Broken\Broken_18.jpg
Broken_19.jpg,Broken,103.2421875,500,500,3,1.0,17.326683970416,183.9706,38.36400406162005,5.612583449296077,188.544928,183.000264,176.596412,archive\Broken\Broken_19.jpg
Broken_20.jpg,Broken,98.267578125,500,500,3,1.0,11.63616764,179.43262,29.38294505211484,6.172321702946803,185.641816,178.573544,167.101264,archive\Broken\Broken_20.jpg
Broken_21.jpg,Broken,95.6806640625,500,500,3,1.0,18.602359907584,197.646408,24.657832441184606,4.954461842836778,200.76708,197.027724,192.535184,archive\Broken\Broken_21.jpg
Broken_22.jpg,Broken,108.6708984375,500,500,3,1.0,33.76438775,192.717948,33.123049658346616,5.197276708564595,196.271636,192.000228,186.869964,archive\Broken\Broken_22.jpg
Broken_23.jpg,Broken,97.8310546875,500,500,3,1.0,20.564023987455997,198.36788,25.28108447645393,4.90037945228752,200.962524,197.709236,194.394568,archive\Broken\Broken_23.jpg
Broken_24.jpg,Broken,93.376953125,500,500,3,1.0,10.928139919344,202.09794,19.375870658022055,4.73879416317251,205.449416,201.468352,196.051356,archive\Broken\Broken_24.jpg
Broken_25.jpg,Broken,99.4375,500,500,3,1.0,18.772571889776,198.168416,30.340685886297035,4.615787181710502,201.725956,197.193364,193.443616,archive\Broken\Broken_25.jpg
Broken_26.jpg,Broken,100.3076171875,500,500,3,1.0,17.675679887104,200.859784,22.505862069099773,4.6874220665431245,203.92394,200.2559,195.651368,archive\Broken\Broken_26.jpg
Broken_27.jpg,Broken,94.55859375,500,500,3,1.0,19.899647999743998,202.356388,23.339755259930556,4.220943863840108,205.540852,201.558512,198.073884,archive\Broken\Broken_27.jpg
Broken_28.jpg,Broken,88.537109375,500,500,3,1.0,11.212335892416,198.58542,23.66429072301978,4.62048284526471,201.92986,197.914256,192.964972,archive\Broken\Broken_28.jpg
Broken_29.jpg,Broken,104.0,500,500,3,1.0,24.016303934464002,188.210088,38.20968033145863,5.2745604549533285,192.696524,187.194328,181.25522,archive\Broken\Broken_29.jpg
Broken_30.jpg,Broken,70.9072265625,500,500,3,1.0,6.359327976896001,207.940436,21.579895090799308,3.9488237117935534,210.016272,207.360904,205.597984,archive\Broken\Broken_30.jpg
Broken_31.jpg,Broken,86.166015625,500,500,3,1.0,12.778263998399998,200.939032,30.59170310562941,4.71901653656146,204.597424,200.010312,195.963204,archive\Broken\Broken_31.jpg
Broken_32.jpg,Broken,87.4248046875,500,500,3,1.0,11.511475975663998,205.926276,21.244860478991715,4.453554123280475,208.977976,205.308148,200.828432,archive\Broken\Broken_32.jpg
Broken_33.jpg,Broken,83.4453125,500,500,3,1.0,10.678959971775999,207.427052,19.287822857681373,4.126724447900733,209.578788,206.814296,204.39678,archive\Broken\Broken_33.jpg
Broken_34.jpg,Broken,99.013671875,500,500,3,1.0,17.611887999936,195.826588,35.04449109743579,4.7717770306421645,201.29256,194.23194,189.32172,archive\Broken\Broken_34.jpg
Broken_35.jpg,Broken,91.8515625,500,500,3,1.0,16.870087995903997,199.820904,28.625981286635117,4.93457978383817,203.3962,199.054524,194.08938,archive\Broken\Broken_35.jpg
Broken_36.jpg,Broken,83.0849609375,500,500,3,1.0,9.796655999743999,199.67228,26.473600880907757,5.106682206758496,203.995092,198.896736,192.040828,archive\Broken\Broken_36.jpg
Broken_37.jpg,Broken,74.921875,500,500,3,1.0,6.822099997296,202.32888,26.27971228810544,4.302637717635734,204.445444,201.685336,199.648164,archive\Broken\Broken_37.jpg
Broken_38.jpg,Broken,83.98828125,500,500,3,1.0,10.49239196,199.153112,27.94702039065088,4.880889369320116,202.104868,198.466476,194.396616,archive\Broken\Broken_38.jpg
Broken_39.jpg,Broken,82.7216796875,500,500,3,1.0,11.375523948016001,204.114072,23.871739182112726,4.310256878706108,206.88602,203.276808,200.26284,archive\Broken\Broken_39.jpg
Broken_40.jpg,Broken,78.005859375,500,500,3,1.0,8.012263938496002,204.441976,23.264118664059122,4.2017356542895605,206.734888,203.826956,201.566552,archive\Broken\Broken_40.jpg
Broken_41.jpg,Broken,92.93359375,500,500,3,1.0,12.370071999936,198.472568,27.991145162093243,4.872774394762362,201.867088,197.687076,193.425412,archive\Broken\Broken_41.jpg
Broken_42.jpg,Broken,88.65234375,500,500,3,1.0,10.32956399,202.274008,22.645153645226962,4.489528312786844,204.770588,201.74204,198.003308,archive\Broken\Broken_42.jpg
Broken_43.jpg,Broken,93.4208984375,500,500,3,1.0,13.194843978096001,203.724264,20.249373562120482,4.379670542070553,205.930492,203.1425,200.52222,archive\Broken\Broken_43.jpg
Broken_44.jpg,Broken,98.53125,500,500,3,1.0,15.727299999600001,197.886664,26.124988400975493,4.9392920865814185,201.579528,197.293244,190.997236,archive\Broken\Broken_44.jpg
Broken_45.jpg,Broken,95.4248046875,500,500,3,1.0,16.420359997696,199.128232,23.79241603020122,4.977603018886746,203.479724,198.099888,192.801496,archive\Broken\Broken_45.jpg
Broken_46.jpg,Broken,91.4453125,500,500,3,1.0,13.714491973104,200.25284,24.071684277058804,4.535644799294456,203.627084,199.717248,194.062624,archive\Broken\Broken_46.jpg
Broken_47.jpg,Broken,85.3154296875,500,500,3,1.0,11.119523999599998,203.45948,22.978848494421996,4.185864143752125,205.642536,202.81824,200.842084,archive\Broken\Broken_47.jpg
Broken_48.jpg,Broken,96.638671875,500,500,3,1.0,18.654583921600004,200.060612,25.82399616994736,4.643305018714466,202.81152,199.33708,196.155484,archive\Broken\Broken_48.jpg
Broken_49.jpg,Broken,92.44921875,500,500,3,1.0,16.421299928175998,202.5726,22.107497036978202,4.4837301778389405,204.933432,201.871156,199.311396,archive\Broken\Broken_49.jpg
Broken_50.jpg,Broken,90.9765625,500,500,3,1.0,13.629866511600001,199.4294,27.85670144938198,4.686742568171205,204.215916,198.295376,192.162296,archive\Broken\Broken_50.jpg
Broken_51.jpg,Broken,98.5341796875,500,500,3,1.0,16.694655833536,196.747368,28.02445862229235,4.966513836732821,202.027124,195.39186,189.34774,archive\Broken\Broken_51.jpg
Broken_52.jpg,Broken,93.787109375,500,500,3,1.0,10.930655989184,198.130808,22.466434903364977,5.1180036230740535,202.193104,197.448668,190.434896,archive\Broken\Broken_52.jpg
Broken_53.jpg,Broken,86.1435546875,500,500,3,1.0,10.040843998064,207.506508,18.91979909105633,4.2463380282855185,210.858024,206.701756,202.278228,archive\Broken\Broken_53.jpg
Broken_54.jpg,Broken,103.8857421875,500,500,3,1.0,16.360991938496,204.518468,18.95965534847551,4.439952336009734,206.514108,203.824796,202.93994,archive\Broken\Broken_54.jpg
Broken_55.jpg,Broken,100.4697265625,500,500,3,1.0,11.521831569664,201.62424,19.537736113030086,4.0878279065507535,203.81438,200.874316,199.661748,archive\Broken\Broken_55.jpg
Broken_56.jpg,Broken,103.59375,500,500,3,1.0,17.784519981504,201.006564,18.505740323313304,4.192336652925791,204.353788,199.949876,197.88616,archive\Broken\Broken_56.jpg
Broken_57.jpg,Broken,98.517578125,500,500,3,1.0,12.398479695296,205.192764,18.084978463915956,4.627339525379519,207.391004,204.356084,203.815924,archive\Broken\Broken_57.jpg
Broken_58.jpg,Broken,105.5986328125,500,500,3,1.0,18.972947849456002,201.1688,16.792394783353565,4.667244757997106,204.315596,200.146548,198.276728,archive\Broken\Broken_58.jpg
Broken_59.jpg,Broken,87.02734375,500,500,3,1.0,7.426987816816,211.353444,18.19050107443069,4.19582174582636,213.033424,210.757764,210.193944,archive\Broken\Broken_59.jpg
Broken_60.jpg,Broken,94.529296875,500,500,3,1.0,12.065947498736001,197.750448,23.588547471162695,4.012594086123359,200.329392,196.803696,195.777164,archive\Broken\Broken_60.jpg
Broken_61.jpg,Broken,90.2177734375,500,500,3,1.0,9.011395910000001,197.241852,14.262313122705448,4.4227591178184875,199.744132,196.26202,195.8,archive\Broken\Broken_61.jpg
Broken_62.jpg,Broken,97.7138671875,500,500,3,1.0,15.413931986543998,196.943524,28.509059445401284,4.474671333921478,200.057264,195.892052,194.01726,archive\Broken\Broken_62.jpg
Cut_01.jpg,Cut,103.0107421875,500,500,3,1.0,19.1468119676,183.735444,33.91772548569352,5.50243450878981,189.330636,182.866888,173.087472,archive\Cut\Cut_01.jpg
Cut_02.jpg,Cut,111.001953125,500,500,3,1.0,35.1032639856,200.712392,35.000474877326106,4.485441959128678,204.015636,199.555336,197.980604,archive\Cut\Cut_02.jpg
Cut_03.jpg,Cut,114.5634765625,500,500,3,1.0,30.355059944303996,195.259772,27.49182821327123,5.007117545595514,200.622048,193.944744,187.897988,archive\Cut\Cut_03.jpg
Cut_04.jpg,Cut,117.763671875,500,500,3,1.0,33.248835980399996,191.84916,32.10842343209022,5.395444786747478,197.702308,190.422732,183.953016,archive\Cut\Cut_04.jpg
Cut_05.jpg,Cut,114.0302734375,500,500,3,1.0,34.795687997696,184.558468,40.03258239850355,5.713576893560077,190.560948,182.569288,179.273312,archive\Cut\Cut_05.jpg
Cut_06.jpg,Cut,115.0546875,500,500,3,1.0,37.8879478236,194.22754,49.936304043735554,4.793581095541263,198.570748,192.740468,190.661824,archive\Cut\Cut_06.jpg
Cut_07.jpg,Cut,114.0048828125,500,500,3,1.0,33.530099923824004,188.672124,39.9698456005102,4.7988396423938955,193.555908,186.985184,184.50782,archive\Cut\Cut_07.jpg
Cut_08.jpg,Cut,116.6044921875,500,500,3,1.0,44.988263620544,193.168996,48.555291661692074,4.961363537531176,198.000896,191.453164,189.453176,archive\Cut\Cut_08.jpg
Cut_09.jpg,Cut,112.9091796875,500,500,3,1.0,33.948043982575996,192.942588,33.79943520034404,5.01985501017309,196.906112,191.58056,189.746168,archive\Cut\Cut_09.jpg
Cut_10.jpg,Cut,113.7978515625,500,500,3,1.0,38.834967876096,197.19288,39.313885858632695,4.817879594078931,201.80058,195.513752,193.93578,archive\Cut\Cut_10.jpg
Cut_11.jpg,Cut,117.00390625,500,500,3,1.0,41.568183493056,195.945016,35.95597186504273,4.906834422640175,200.377372,194.393188,192.32674,archive\Cut\Cut_11.jpg
Cut_12.jpg,Cut,113.54296875,500,500,3,1.0,25.27417175,195.885356,33.70823123145538,4.983813636010323,200.142904,194.773352,190.319024,archive\Cut\Cut_12.jpg
Cut_13.jpg,Cut,121.3984375,500,500,3,1.0,37.626143989184,183.32574,44.277339502869864,5.409543291986931,190.092332,181.377356,175.593384,archive\Cut\Cut_13.jpg
Cut_14.jpg,Cut,120.845703125,500,500,3,1.0,44.911451928176,190.684216,37.63230878467788,5.152184360023165,195.350476,189.312316,185.452152,archive\Cut\Cut_14.jpg
Cut_15.jpg,Cut,102.615234375,500,500,3,1.0,22.8680239744,190.042172,27.492671778537932,5.278226850559967,193.755484,188.513492,188.304164,archive\Cut\Cut_15.jpg
Cut_16.jpg,Cut,112.6611328125,500,500,3,1.0,31.429931923824004,200.923368,30.223713463712166,5.016812635465625,205.490804,199.824948,194.766692,archive\Cut\Cut_16.jpg
Cut_17.jpg,Cut,115.37109375,500,500,3,1.0,39.812699961584,202.184852,32.028284776710976,5.335899144066519,207.925044,200.855616,194.126724,archive\Cut\Cut_17.jpg
Cut_18.jpg,Cut,103.8759765625,500,500,3,1.0,29.083467986543997,204.702836,28.876594285980197,4.819911692439162,207.857132,203.560616,202.45362,archive\Cut\Cut_18.jpg
Cut_19.jpg,Cut,111.8369140625,500,500,3,1.0,40.751375938496,206.544344,32.60572786504948,4.747590718612955,209.886632,205.435804,203.731112,archive\Cut\Cut_19.jpg
Cut_20.jpg,Cut,110.517578125,500,500,3,1.0,33.294835986544,200.757748,30.04267308294147,5.085364025933377,205.117672,199.2671,197.17062,archive\Cut\Cut_20.jpg
Cut_21.jpg,Cut,118.3447265625,500,500,3,1.0,35.342683980400004,191.103576,34.31187910931466,4.858859691499616,196.429908,189.770016,183.819648,archive\Cut\Cut_21.jpg
Cut_22.jpg,Cut,102.806640625,500,500,3,1.0,26.781507998704,207.555228,28.819170665860874,4.508924927293201,210.661156,206.527996,204.762052,archive\Cut\Cut_22.jpg
Cut_23.jpg,Cut,114.2509765625,500,500,3,1.0,37.31507999686401,192.69686,42.214866458872045,4.906720492393615,197.494744,191.127176,187.957948,archive\Cut\Cut_23.jpg
Cut_24.jpg,Cut,114.5537109375,500,500,3,1.0,30.204691955056003,194.514036,39.266594186288984,5.232720755110245,199.561868,192.98114,189.013868,archive\Cut\Cut_24.jpg
Cut_25.jpg,Cut,110.65625,500,500,3,1.0,32.103103996864,200.43836,31.121933881274153,5.177023534293735,204.514932,199.32842,195.632096,archive\Cut\Cut_25.jpg
Cut_26.jpg,Cut,108.759765625,500,500,3,1.0,32.9990159856,194.857752,33.99957925484514,4.953117560695633,199.089156,193.414024,191.41028,archive\Cut\Cut_26.jpg
Cut_27.jpg,Cut,114.873046875,500,500,3,1.0,31.876831995904,188.069796,39.30536213442619,5.300395035345087,194.451532,185.970424,182.249392,archive\Cut\Cut_27.jpg
Cut_28.jpg,Cut,113.41796875,500,500,3,1.0,41.325455994816004,190.394468,35.44115561034905,5.126296155317604,194.39856,188.899392,187.822084,archive\Cut\Cut_28.jpg
Cut_29.jpg,Cut,109.498046875,500,500,3,1.0,32.83562364,204.917212,31.744853537968257,4.587464855728472,208.523364,203.81252,201.216084,archive\Cut\Cut_29.jpg
Cut_30.jpg,Cut,120.736328125,500,500,3,1.0,46.213283999215996,192.909704,38.48091743491031,5.427540680925858,198.053336,191.350244,187.429976,archive\Cut\Cut_30.jpg
Cut_31.jpg,Cut,114.0361328125,500,500,3,1.0,26.869835984623997,198.378784,25.82882534459018,5.247343104945157,203.283496,197.10492,192.025784,archive\Cut\Cut_31.jpg
Cut_32.jpg,Cut,114.2373046875,500,500,3,1.0,29.507587932400003,198.15792,29.848184220712657,5.229669683808193,203.1034,196.945712,191.336684,archive\Cut\Cut_32.jpg
Cut_33.jpg,Cut,114.2587890625,500,500,3,1.0,30.465083955056002,196.525636,27.51499807006179,4.824100703405889,201.536448,195.246688,189.804336,archive\Cut\Cut_33.jpg
Cut_34.jpg,Cut,115.21484375,500,500,3,1.0,35.826483964656006,187.740492,38.20406098306744,5.297687641926878,192.686512,186.116608,183.12302,archive\Cut\Cut_34.jpg
Cut_35.jpg,Cut,104.498046875,500,500,3,1.0,26.754487999424,189.26766,29.59912191475281,4.927038368247491,193.35024,187.670932,186.92188,archive\Cut\Cut_35.jpg
Cut_36.jpg,Cut,115.431640625,500,500,3,1.0,37.1006599964,196.908808,38.4722858694299,4.707965942715812,201.803316,195.465736,191.693904,archive\Cut\Cut_36.jpg
Cut_37.jpg,Cut,112.6123046875,500,500,3,1.0,38.605451948016004,199.628328,35.42973965363584,4.885728477693847,203.36936,198.358992,196.560504,archive\Cut\Cut_37.jpg
Cut_38.jpg,Cut,112.0703125,500,500,3,1.0,26.019223777216,195.546992,27.71954472483154,5.314304441431523,201.439668,193.789484,189.286252,archive\Cut\Cut_38.jpg
Cut_39.jpg,Cut,109.4970703125,500,500,3,1.0,29.615615963136,194.112012,33.904457897330495,5.070197977721335,197.960256,192.73578,191.315324,archive\Cut\Cut_39.jpg
Cut_40.jpg,Cut,110.9052734375,500,500,3,1.0,35.601579967599996,204.391384,31.250001769032654,4.522350721677904,207.694064,203.375936,201.171064,archive\Cut\Cut_40.jpg
Cut_41.jpg,Cut,113.765625,500,500,3,1.0,40.5773239996,189.512532,35.62443985452931,5.25499243727314,193.248388,188.040424,187.53208,archive\Cut\Cut_41.jpg
Cut_42.jpg,Cut,112.0498046875,500,500,3,1.0,33.440583833535996,200.32178,34.94522762311901,5.07714385886823,205.944644,198.990068,192.590776,archive\Cut\Cut_42.jpg
Cut_43.jpg,Cut,101.4931640625,500,500,3,1.0,26.907003716976,206.607308,30.060529153578386,4.326137369449481,209.98032,205.460028,203.8985,archive\Cut\Cut_43.jpg
Cut_44.jpg,Cut,113.8583984375,500,500,3,1.0,27.052427301104,199.811528,31.80899819713309,4.736897429971245,204.02702,198.548816,195.173568,archive\Cut\Cut_44.jpg
Cut_45.jpg,Cut,115.099609375,500,500,3,1.0,32.108099830256,197.757068,36.05729734801786,4.721333236142272,202.36488,196.382436,192.667292,archive\Cut\Cut_45.jpg
Cut_46.jpg,Cut,113.0634765625,500,500,3,1.0,31.785431995904,201.259408,33.44080949213903,4.3851035789466355,205.179852,200.086972,196.966288,archive\Cut\Cut_46.jpg
Cut_47.jpg,Cut,118.6298828125,500,500,3,1.0,43.4772719216,198.291748,36.56605681645884,5.089372347123408,202.562748,197.066144,193.564532,archive\Cut\Cut_47.jpg
Cut_48.jpg,Cut,121.8623046875,500,500,3,1.0,57.12071599985601,191.605344,48.201019809145784,5.230753450822691,197.336112,189.580372,187.116508,archive\Cut\Cut_48.jpg
Cut_49.jpg,Cut,106.5458984375,500,500,3,1.0,22.619003964656,195.177192,28.703417409694197,4.437767155322336,199.519244,193.974156,189.7616,archive\Cut\Cut_49.jpg
Cut_50.jpg,Cut,111.849609375,500,500,3,1.0,31.292447892416,196.783492,31.327641601083478,5.278833055298866,201.196616,195.371632,192.66676,archive\Cut\Cut_50.jpg
Cut_51.jpg,Cut,116.8505859375,500,500,3,1.0,40.78981175,197.04554,38.66249316984615,4.952858604466996,201.450372,195.531172,193.350436,archive\Cut\Cut_51.jpg
Cut_52.jpg,Cut,115.83203125,500,500,3,1.0,40.467527994816,197.696608,38.84947857171748,4.867724629427663,202.021636,196.215248,193.989888,archive\Cut\Cut_52.jpg
Cut_53.jpg,Cut,115.703125,500,500,3,1.0,32.363711999936,194.469504,32.17142443215693,5.485722421662596,199.574872,192.857664,189.5306,archive\Cut\Cut_53.jpg
Cut_54.jpg,Cut,117.0498046875,500,500,3,1.0,35.323583881664,196.629788,32.086345305675685,5.225157607108054,201.402052,195.31132,190.844296,archive\Cut\Cut_54.jpg
Cut_55.jpg,Cut,110.8251953125,500,500,3,1.0,27.504407946175995,200.240408,25.63173166201488,4.341128453130924,203.562056,199.428444,195.444636,archive\Cut\Cut_55.jpg
Cut_56.jpg,Cut,115.0537109375,500,500,3,1.0,20.595743971776,198.171456,27.075666323103924,5.133687545980721,201.9431,197.385124,192.317536,archive\Cut\Cut_56.jpg
Cut_57.jpg,Cut,109.6318359375,500,500,3,1.0,19.156683961584,195.726388,28.76189598189688,4.764596882166788,199.770664,194.997472,188.898568,archive\Cut\Cut_57.jpg
Cut_58.jpg,Cut,107.650390625,500,500,3,1.0,14.526627795696001,190.774836,32.043751359244816,5.068288213908469,195.477328,189.92226,182.663108,archive\Cut\Cut_58.jpg
Cut_59.jpg,Cut,96.7177734375,500,500,3,1.0,11.890247852544,190.682068,24.55374210264855,4.653273761717983,194.28048,189.340524,188.292496,archive\Cut\Cut_59.jpg
Cut_60.jpg,Cut,110.49609375,500,500,3,1.0,22.1205996864,200.41178,29.0784660054756,4.262837605840739,203.804152,199.497872,196.189832,archive\Cut\Cut_60.jpg
Cut_61.jpg,Cut,87.01171875,500,500,3,1.0,19.376823864575996,216.242188,26.50265203659166,4.616007772834898,219.234596,215.250864,213.601264,archive\Cut\Cut_61.jpg
Cut_62.jpg,Cut,95.125,500,500,3,1.0,27.3147278976,216.589248,25.97244914894427,4.519317146177348,220.468236,215.524612,211.315676,archive\Cut\Cut_62.jpg
Cut_63.jpg,Cut,84.734375,500,500,3,1.0,13.319279892416,211.524128,28.479849751001428,4.715544066093223,215.724084,210.383312,206.186732,archive\Cut\Cut_63.jpg
Cut_64.jpg,Cut,78.45703125,500,500,3,1.0,19.887719999744,231.605928,22.44510305743362,4.3194380450553,234.536096,230.849548,228.206588,archive\Cut\Cut_64.jpg
Cut_65.jpg,Cut,84.5322265625,500,500,3,1.0,15.3778914524,207.969244,24.336606708176554,4.629784707003258,212.454492,206.79652,202.086772,archive\Cut\Cut_65.jpg
Cut_66.jpg,Cut,82.017578125,500,500,3,1.0,14.085571532143998,213.627156,21.736513044912794,4.2521889298562074,217.384076,212.583792,208.878108,archive\Cut\Cut_66.jpg
Dry Cherry_01.jpg,Dry Cherry,98.3408203125,500,500,3,1.0,39.998735434496,211.864608,42.598522943951195,4.949888994434839,216.5267,210.071052,208.624776,archive\Dry Cherry\Dry Cherry_01.jpg
Dry Cherry_02.jpg,Dry Cherry,94.5458984375,500,500,3,1.0,35.469591504384006,206.914292,49.523129001899065,4.747839229512066,211.48616,204.942292,204.963964,archive\Dry Cherry\Dry Cherry_02.jpg
Dry Cherry_03.jpg,Dry Cherry,89.9697265625,500,500,3,1.0,43.766895953344,194.511192,67.2061141469966,5.23819172822995,197.372252,192.987428,194.934576,archive\Dry Cherry\Dry Cherry_03.jpg
Dry Cherry_04.jpg,Dry Cherry,87.3095703125,500,500,3,1.0,33.290779910000005,185.398664,73.29776571639209,5.634812312914294,187.500524,184.29638,185.868948,archive\Dry Cherry\Dry Cherry_04.jpg
Dry Cherry_05.jpg,Dry Cherry,85.3896484375,500,500,3,1.0,34.91560785862399,193.822892,64.7821790676752,5.176609089695341,196.50228,192.458504,193.580484,archive\Dry Cherry\Dry Cherry_05.jpg
Dry Cherry_06.jpg,Dry Cherry,90.052734375,500,500,3,1.0,44.912175926016005,191.957192,66.80100495857181,5.109938434391902,195.470884,190.196028,191.421536,archive\Dry Cherry\Dry Cherry_06.jpg
Dry Cherry_07.jpg,Dry Cherry,97.6884765625,500,500,3,1.0,73.787391892416,192.776276,63.38259779759602,5.205836365060466,195.931684,191.18528,192.608624,archive\Dry Cherry\Dry Cherry_07.jpg
Dry Cherry_08.jpg,Dry Cherry,114.89453125,500,500,3,1.0,86.997656430704,148.356752,82.1096870290619,6.686172815704742,153.173372,146.247504,146.518852,archive\Dry Cherry\Dry Cherry_08.jpg
Dry Cherry_09.jpg,Dry Cherry,89.423828125,500,500,3,1.0,35.626639410176,213.517612,45.95698860692959,4.551852798960876,216.274304,212.03472,214.17916,archive\Dry Cherry\Dry Cherry_09.jpg
Dry Cherry_10.jpg,Dry Cherry,95.18359375,500,500,3,1.0,50.579595986544,191.30718,64.68096452935438,5.35813223796344,194.736092,189.6677,190.653824,archive\Dry Cherry\Dry Cherry_10.jpg
Dry Cherry_11.jpg,Dry Cherry,25.755859375,500,500,3,1.0,29.274875984624,200.75298,66.19781574281436,5.303617516141749,202.514008,199.795352,201.465668,archive\Dry Cherry\Dry Cherry_11.jpg
Dry Cherry_12.jpg,Dry Cherry,22.306640625,500,500,3,1.0,10.950087995904001,200.296668,67.7914703196337,5.049824550023065,201.213744,199.42682,202.471832,archive\Dry Cherry\Dry Cherry_12.jpg
Dry Cherry_13.jpg,Dry Cherry,93.990234375,500,500,3,1.0,32.184123625456,205.945844,46.74032245425425,4.7823121149637595,210.028924,204.094696,204.713968,archive\Dry Cherry\Dry Cherry_13.jpg
Dry Cherry_14.jpg,Dry Cherry,22.05078125,500,500,3,1.0,9.063551987456,206.829788,63.59625561206458,4.900818847243203,208.3033,206.038984,207.931828,archive\Dry Cherry\Dry Cherry_14.jpg
Dry Cherry_15.jpg,Dry Cherry,25.31640625,500,500,3,1.0,13.028691988336,187.474556,75.7398662832386,5.645940778252112,188.159996,186.589212,190.002672,archive\Dry Cherry\Dry Cherry_15.jpg
Dry Cherry_16.jpg,Dry Cherry,22.7509765625,500,500,3,1.0,10.0040399936,202.823148,67.94136701134366,4.93350093175956,203.474276,202.006556,205.244572,archive\Dry Cherry\Dry Cherry_16.jpg
Dry Cherry_17.jpg,Dry Cherry,20.9462890625,500,500,3,1.0,6.696411998063999,207.607564,63.598397448252605,4.630147274087717,208.21028,206.723124,210.301388,archive\Dry Cherry\Dry Cherry_17.jpg
Dry Cherry_18.jpg,Dry Cherry,21.2109375,500,500,3,1.0,6.983759999744,206.161448,64.99752283389957,4.826773728180101,207.38414,205.134248,208.30312,archive\Dry Cherry\Dry Cherry_18.jpg
Dry Cherry_19.jpg,Dry Cherry,18.24609375,500,500,3,1.0,3.8165919984,224.57624,38.6612507229448,3.663422361994675,226.692648,223.502644,225.06346,archive\Dry Cherry\Dry Cherry_19.jpg
Dry Cherry_20.jpg,Dry Cherry,20.2900390625,500,500,3,1.0,9.6313999744,222.77688,44.76791334723565,3.8849787563217375,224.205632,222.12542,223.403448,archive\Dry Cherry\Dry Cherry_20.jpg
Dry Cherry_21.jpg,Dry Cherry,19.859375,500,500,3,1.0,7.178663998976,224.93668,34.96923903343623,4.032821278641623,227.70264,223.944796,223.337744,archive\Dry Cherry\Dry Cherry_21.jpg
Dry Cherry_22.jpg,Dry Cherry,19.9833984375,500,500,3,1.0,7.558139997296,223.347852,41.861528149197994,3.915530423406552,225.720932,222.392736,223.110136,archive\Dry Cherry\Dry Cherry_22.jpg
Dry Cherry_23.jpg,Dry Cherry,19.3115234375,500,500,3,1.0,14.527975999936,225.812692,37.91162080039755,3.5664411354016137,226.531124,225.278676,227.210444,archive\Dry Cherry\Dry Cherry_23.jpg
Dry Cherry_24.jpg,Dry Cherry,95.93359375,500,500,3,1.0,33.288411843184,207.509852,44.95612838021192,5.0611853863831495,212.379896,205.546476,204.373252,archive\Dry Cherry\Dry Cherry_24.jpg
Dry Cherry_25.jpg,Dry Cherry,18.4677734375,500,500,3,1.0,6.550047999424,225.335148,39.07218672941273,3.4579428357142663,226.114004,224.924592,226.564988,archive\Dry Cherry\Dry Cherry_25.jpg
Dry Cherry_26.jpg,Dry Cherry,28.9384765625,500,500,3,1.0,34.23659599537601,210.294704,47.4007241880584,5.330940998419284,214.561844,208.82352,207.254904,archive\Dry Cherry\Dry Cherry_26.jpg
Dry Cherry_27.jpg,Dry Cherry,23.1044921875,500,500,3,1.0,9.441239994816002,197.413184,71.2713768562257,5.329824931220215,198.1328,196.695012,199.493108,archive\Dry Cherry\Dry Cherry_27.jpg
Dry Cherry_28.jpg,Dry Cherry,23.6220703125,500,500,3,1.0,13.0754519996,205.539472,63.80074208001985,5.236459771607784,206.37118,204.857088,207.364076,archive\Dry Cherry\Dry Cherry_28.jpg
Dry Cherry_29.jpg,Dry Cherry,22.4873046875,500,500,3,1.0,11.704899944304001,202.428184,66.72966460624647,5.065159086504508,203.105556,201.491352,205.168348,archive\Dry Cherry\Dry Cherry_29.jpg
Dry Cherry_30.jpg,Dry Cherry,20.109375,500,500,3,1.0,7.680787999216,213.194884,59.69895141647418,4.3120342585111935,213.56886,212.483344,215.95694,archive\Dry Cherry\Dry Cherry_30.jpg
Dry Cherry_31.jpg,Dry Cherry,26.4052734375,500,500,3,1.0,14.557515992944,183.675456,78.2175783260519,5.721756073968516,184.30536,182.837868,186.19202,archive\Dry Cherry\Dry Cherry_31.jpg
Dry Cherry_32.jpg,Dry Cherry,94.9091796875,500,500,3,1.0,36.31685153214399,203.814256,46.632042065155844,4.944335124559514,208.096612,202.05536,201.731296,archive\Dry Cherry\Dry Cherry_32.jpg
Dry Cherry_33.jpg,Dry Cherry,98.30078125,500,500,3,1.0,38.274223996863995,203.429604,36.97289975648629,4.939601912706058,209.283388,201.311944,199.202532,archive\Dry Cherry\Dry Cherry_33.jpg
Dry Cherry_34.jpg,Dry Cherry,33.3193359375,500,500,3,1.0,64.340147986544,195.200812,74.00546249122868,5.714135559282384,196.74508,194.367652,195.6391,archive\Dry Cherry\Dry Cherry_34.jpg
Dry Cherry_35.jpg,Dry Cherry,26.7197265625,500,500,3,1.0,21.0700599804,193.21664,77.83839630356216,5.514403485310315,195.900732,191.907552,193.203692,archive\Dry Cherry\Dry Cherry_35.jpg
Dry Cherry_36.jpg,Dry Cherry,27.236328125,500,500,3,1.0,27.768911999744002,195.382124,76.6445209082073,5.530140819785391,196.176232,194.649672,197.497052,archive\Dry Cherry\Dry Cherry_36.jpg
Dry Cherry_37.jpg,Dry Cherry,27.2216796875,500,500,3,1.0,19.845139995375998,189.52628,77.79801759274847,5.723982300081611,192.510388,188.069964,189.5466,archive\Dry Cherry\Dry Cherry_37.jpg
Dry Cherry_38.jpg,Dry Cherry,27.16796875,500,500,3,1.0,29.037591990784005,198.12306,75.81041873144086,5.486705832529877,199.622232,197.234868,198.830904,archive\Dry Cherry\Dry Cherry_38.jpg
Dry Cherry_39.jpg,Dry Cherry,23.7900390625,500,500,3,1.0,24.238903995904,221.73006,53.004422988995934,4.3868006478251385,223.433396,220.877824,222.272356,archive\Dry Cherry\Dry Cherry_39.jpg
Dry Cherry_40.jpg,Dry Cherry,22.1181640625,500,500,3,1.0,10.187843998064,216.162156,60.33853599012545,4.748259245883769,217.472016,215.436012,216.952368,archive\Dry Cherry\Dry Cherry_40.jpg
Dry Cherry_41.jpg,Dry Cherry,21.0634765625,500,500,3,1.0,14.1578559984,225.420604,49.04263639197208,4.1195557315955,226.419048,224.869012,225.668368,archive\Dry Cherry\Dry Cherry_41.jpg
Dry Cherry_42.jpg,Dry Cherry,18.30859375,500,500,3,1.0,2.4739439989759995,223.784448,37.10712073625891,3.694856092499468,226.267844,222.242512,224.707536,archive\Dry Cherry\Dry Cherry_42.jpg
Dry Cherry_43.jpg,Dry Cherry,88.40625,500,500,3,1.0,34.831471953344,193.69114,70.98950971446698,5.440967287233244,196.06364,192.46474,194.110836,archive\Dry Cherry\Dry Cherry_43.jpg
Dry Cherry_44.jpg,Dry Cherry,20.7578125,500,500,3,1.0,7.099999999744,225.64904,47.12527113002535,4.2650045821577205,228.196804,224.584768,224.441648,archive\Dry Cherry\Dry Cherry_44.jpg
Dry Cherry_45.jpg,Dry Cherry,23.701171875,500,500,3,1.0,13.967431946176,194.53376,72.0709914755056,5.26435882867399,196.765508,192.992812,196.3242,archive\Dry Cherry\Dry Cherry_45.jpg
Dry Cherry_46.jpg,Dry Cherry,26.2802734375,500,500,3,1.0,21.7113639996,187.611928,77.241564200389,5.58432648127623,188.298096,186.880304,189.68236,archive\Dry Cherry\Dry Cherry_46.jpg
Dry Cherry_47.jpg,Dry Cherry,24.064453125,500,500,3,1.0,13.536611984623999,187.984288,76.98852886718291,5.415000203818164,189.213404,187.048868,189.763916,archive\Dry Cherry\Dry Cherry_47.jpg
Dry Cherry_48.jpg,Dry Cherry,27.810546875,500,500,3,1.0,22.552243996399998,180.231444,80.67379280581063,5.807012573553053,181.229816,179.51464,181.681884,archive\Dry Cherry\Dry Cherry_48.jpg
Dry Cherry_49.jpg,Dry Cherry,26.8486328125,500,500,3,1.0,21.502431993600002,184.241812,78.4126758818793,5.625927891407387,185.23352,183.372484,186.157032,archive\Dry Cherry\Dry Cherry_49.jpg
Dry Cherry_50.jpg,Dry Cherry,24.833984375,500,500,3,1.0,16.923943999743997,194.245772,72.82747624436821,5.48379213716891,196.163128,193.214692,195.273224,archive\Dry Cherry\Dry Cherry_50.jpg
Dry Cherry_51.jpg,Dry Cherry,24.92578125,500,500,3,1.0,21.320083994224,198.61056,68.07878894697232,5.277966523856034,200.1647,197.437752,200.427352,archive\Dry Cherry\Dry Cherry_51.jpg
Dry Cherry_52.jpg,Dry Cherry,93.025390625,500,500,3,1.0,46.595611936496006,195.166352,68.99050188984057,5.448015515943445,197.189824,194.01014,196.024792,archive\Dry Cherry\Dry Cherry_52.jpg
Dry Cherry_53.jpg,Dry Cherry,95.67578125,500,500,3,1.0,77.3111399804,192.050108,72.14265881701571,5.346136516624826,193.070852,191.105596,194.177524,archive\Dry Cherry\Dry Cherry_53.jpg
Dry Cherry_54.jpg,Dry Cherry,86.353515625,500,500,3,1.0,45.549095887104,204.212628,59.081840944012704,4.882823672706964,206.433288,202.86436,205.482856,archive\Dry Cherry\Dry Cherry_54.jpg
Fade_01.jpg,Fade,87.2109375,500,500,3,1.0,13.768999887104,223.499208,13.85503343094978,4.954261074208645,227.973052,222.721356,215.399036,archive\Fade\Fade_01.jpg
Fade_02.jpg,Fade,96.2529296875,500,500,3,1.0,21.133331986543997,216.62854,18.809049031474185,5.030652558215119,222.52936,215.680188,206.058416,archive\Fade\Fade_02.jpg
Fade_03.jpg,Fade,90.6962890625,500,500,3,1.0,18.612951640000002,213.754684,17.84183802359342,5.134319473583652,220.598032,212.777392,201.082636,archive\Fade\Fade_03.jpg
Fade_04.jpg,Fade,77.30859375,500,500,3,1.0,7.055403780976,229.16508,8.652533304969129,4.022218348166966,232.725416,228.356688,223.4246,archive\Fade\Fade_04.jpg
Fade_05.jpg,Fade,88.4248046875,500,500,3,1.0,11.431559729600002,221.576408,14.992282341842953,4.733927303325664,226.0325,220.662676,214.719452,archive\Fade\Fade_05.jpg
Fade_06.jpg,Fade,85.22265625,500,500,3,1.0,10.680403997296002,219.770964,13.92059260630466,4.3327008113657195,225.200776,218.816044,210.847944,archive\Fade\Fade_06.jpg
Fade_07.jpg,Fade,87.5791015625,500,500,3,1.0,21.897503995904,220.383912,24.767252321891828,4.216604182924668,223.281544,219.430908,217.311912,archive\Fade\Fade_07.jpg
Fade_08.jpg,Fade,87.1904296875,500,500,3,1.0,19.453927976896,217.349376,25.534467693896108,4.530066641961199,220.961632,216.177892,213.063264,archive\Fade\Fade_08.jpg
Fade_09.jpg,Fade,86.8349609375,500,500,3,1.0,12.922515654256,208.891056,17.279197990788347,4.7201590691785436,214.50996,207.678652,201.016356,archive\Fade\Fade_09.jpg
Fade_10.jpg,Fade,108.3427734375,500,500,3,1.0,31.6050877696,193.700004,26.918195303548565,5.7054609446666,202.8122,191.521176,181.46006,archive\Fade\Fade_10.jpg
Fade_11.jpg,Fade,90.873046875,500,500,3,1.0,15.941263712704,216.011252,22.7770622643153,4.58986490193171,221.113392,214.882004,208.731412,archive\Fade\Fade_11.jpg
Fade_12.jpg,Fade,98.8486328125,500,500,3,1.0,22.184463820224003,207.23596,20.868327265940604,5.196280623855853,215.42988,205.328088,196.088492,archive\Fade\Fade_12.jpg
Fade_13.jpg,Fade,94.826171875,500,500,3,1.0,23.635043978096,223.267164,17.78620148871321,4.647526923013837,228.989904,221.9659,214.66344,archive\Fade\Fade_13.jpg
Fade_14.jpg,Fade,92.6875,500,500,3,1.0,21.274991997696,207.050144,22.66285607727464,4.955826272668299,213.670924,205.084176,200.103692,archive\Fade\Fade_14.jpg
Fade_15.jpg,Fade,98.3388671875,500,500,3,1.0,31.604727548416,211.572448,25.24305225774601,5.16816493928098,219.064996,209.84778,201.460012,archive\Fade\Fade_15.jpg
Fade_16.jpg,Fade,101.4990234375,500,500,3,1.0,38.730851984624,213.937572,24.484499969262515,4.857356088980686,220.704948,212.42236,204.183244,archive\Fade\Fade_16.jpg
Fade_17.jpg,Fade,75.857421875,500,500,3,1.0,14.298355867504,235.598092,18.45236076927654,3.451764872188977,239.22706,234.59276,230.413628,archive\Fade\Fade_17.jpg
Fade_18.jpg,Fade,73.1767578125,500,500,3,1.0,7.907743996864,235.978636,12.359418577728647,3.773652145311947,240.759812,235.0183,227.732492,archive\Fade\Fade_18.jpg
Fade_19.jpg,Fade,71.685546875,500,500,3,1.0,12.387447976895999,231.92986,18.936490181139693,4.026859175096248,235.780564,230.729868,227.70058,archive\Fade\Fade_19.jpg
Fade_20.jpg,Fade,71.6279296875,500,500,3,1.0,11.929535926016,233.289188,14.556125250239365,3.8045174643783226,236.89024,232.084572,229.94904,archive\Fade\Fade_20.jpg
Fade_21.jpg,Fade,77.5615234375,500,500,3,1.0,13.073943712703999,232.281428,20.064239090501687,3.919962731915548,237.274684,231.192988,224.559048,archive\Fade\Fade_21.jpg
Fade_22.jpg,Fade,81.060546875,500,500,3,1.0,13.656587988336,229.888792,15.914823554810026,4.204094229718704,235.828196,228.793484,220.032392,archive\Fade\Fade_22.jpg
Fade_23.jpg,Fade,74.3291015625,500,500,3,1.0,8.570191989184,228.667336,16.117702276165296,4.40148129039581,234.681788,227.481524,219.324512,archive\Fade\Fade_23.jpg
Fade_24.jpg,Fade,80.7158203125,500,500,3,1.0,9.637971928176,225.682528,16.060907182634985,4.41627808933217,232.375796,224.116336,216.73616,archive\Fade\Fade_24.jpg
Fade_25.jpg,Fade,78.7490234375,500,500,3,1.0,12.803383998975999,231.586624,18.8755513901614,3.6244543950166115,233.903624,230.986852,227.939412,archive\Fade\Fade_25.jpg
Fade_26.jpg,Fade,76.6201171875,500,500,3,1.0,8.886791974400001,231.489192,17.17173640570854,3.667088377920345,234.907064,230.715736,226.151972,archive\Fade\Fade_26.jpg
Fade_27.jpg,Fade,80.9873046875,500,500,3,1.0,9.687579932399998,228.416096,18.072502652338553,3.925078142713679,230.944004,227.784096,224.420964,archive\Fade\Fade_27.jpg
Fade_28.jpg,Fade,70.818359375,500,500,3,1.0,6.6738359676000005,233.469064,12.996548886681573,3.239351270041289,235.45552,232.928916,230.239132,archive\Fade\Fade_28.jpg
Fade_29.jpg,Fade,93.6689453125,500,500,3,1.0,13.384079887104,224.682184,18.974440729311205,4.068141735838966,229.301952,223.7844,216.832064,archive\Fade\Fade_29.jpg
Fade_30.jpg,Fade,80.2724609375,500,500,3,1.0,12.834123995375998,230.105908,21.349335996595677,3.9147667399597115,232.796924,229.499616,225.453232,archive\Fade\Fade_30.jpg
Fade_31.jpg,Fade,80.11328125,500,500,3,1.0,12.153503704064,230.326256,18.207056572177283,3.92155932588068,233.488792,229.578908,225.133612,archive\Fade\Fade_31.jpg
Fade_32.jpg,Fade,78.41796875,500,500,3,1.0,11.994259940464001,231.083292,16.259553574521533,3.629581691373108,233.815248,230.319528,226.988992,archive\Fade\Fade_32.jpg
Fade_33.jpg,Fade,89.6279296875,500,500,3,1.0,19.193191946176,226.268704,17.781328807498724,4.177733492675365,230.01516,225.459196,219.880156,archive\Fade\Fade_33.jpg
Fade_34.jpg,Fade,88.6630859375,500,500,3,1.0,14.464119960000001,229.353628,16.406985074583815,3.8973044275767,233.141508,228.66348,222.41434,archive\Fade\Fade_34.jpg
Fade_35.jpg,Fade,86.177734375,500,500,3,1.0,19.623495989184,229.039836,21.808606399609857,3.743680012980458,233.528544,227.949592,222.415684,archive\Fade\Fade_35.jpg
Floater_01.jpg,Floater,85.5224609375,500,500,3,1.0,9.501127649536,212.312948,24.19621465331501,4.651564699543302,215.813524,211.663712,206.613028,archive\Floater\Floater_01.jpg
Floater_02.jpg,Floater,78.4443359375,500,500,3,1.0,7.198223990783999,211.917524,21.23483255666086,3.869949301721362,214.788772,211.344268,207.601752,archive\Floater\Floater_02.jpg
Floater_03.jpg,Floater,94.275390625,500,500,3,1.0,19.666967979264,219.177964,15.213107664599761,4.667264859468123,221.744208,218.751332,214.49656,archive\Floater\Floater_03.jpg
Floater_04.jpg,Floater,97.125,500,500,3,1.0,13.921963900144,211.767108,20.304214668790713,4.975691466490857,215.672444,211.16536,204.583888,archive\Floater\Floater_04.jpg
Floater_05.jpg,Floater,96.517578125,500,500,3,1.0,17.951791981504,217.269728,16.355080641990607,4.642773298258008,220.346156,216.811108,211.345956,archive\Floater\Floater_05.jpg
Floater_06.jpg,Floater,82.5908203125,500,500,3,1.0,10.319143926016,216.739156,15.820427693575922,4.3572935683235325,218.773032,216.33568,213.443424,archive\Floater\Floater_06.jpg
Floater_07.jpg,Floater,93.1494140625,500,500,3,1.0,19.133575999743996,210.800308,15.683594457430223,4.703407536769018,214.39432,209.971844,205.166988,archive\Floater\Floater_07.jpg
Floater_08.jpg,Floater,97.3408203125,500,500,3,1.0,21.665687993600002,211.606932,20.566520696203725,4.4833237323032336,214.119908,211.07906,207.215688,archive\Floater\Floater_08.jpg
Floater_09.jpg,Floater,96.994140625,500,500,3,1.0,15.849947992944,215.281596,15.238020465033639,4.3875448632817236,218.537428,214.660276,209.549924,archive\Floater\Floater_09.jpg
Floater_10.jpg,Floater,95.6220703125,500,500,3,1.0,19.849095966144,215.224636,15.491872406765555,4.121845040256429,217.93538,214.621116,210.686056,archive\Floater\Floater_10.jpg
Floater_11.jpg,Floater,92.56640625,500,500,3,1.0,13.989335953344,212.29294,16.901749677367725,3.985089226240068,214.952876,211.588252,208.333968,archive\Floater\Floater_11.jpg
Floater_12.jpg,Floater,88.9658203125,500,500,3,1.0,14.897407997696002,209.204012,17.85111064062559,4.345311584412284,212.181228,208.407812,204.827288,archive\Floater\Floater_12.jpg
Floater_13.jpg,Floater,90.025390625,500,500,3,1.0,10.016335942400001,209.299728,21.619740496269053,4.330530127914383,212.125652,208.756788,204.666016,archive\Floater\Floater_13.jpg
Floater_14.jpg,Floater,84.3447265625,500,500,3,1.0,7.371357096384,222.603768,12.820575033990325,4.0890821418340995,224.99596,222.248104,218.163052,archive\Floater\Floater_14.jpg
Floater_15.jpg,Floater,89.76171875,500,500,3,1.0,10.418119999936,221.82836,15.990062529909006,4.089476681468938,225.337544,221.285444,215.246356,archive\Floater\Floater_15.jpg
Floater_16.jpg,Floater,108.7265625,500,500,3,1.0,21.814243999856004,209.432504,20.363861035913203,5.305036852941308,214.930488,208.64872,198.847992,archive\Floater\Floater_16.jpg
Floater_17.jpg,Floater,77.5498046875,500,500,3,1.0,5.523919966143999,219.643628,14.453326917966534,4.193367294210694,221.321704,219.402212,216.465704,archive\Floater\Floater_17.jpg
Floater_18.jpg,Floater,87.98828125,500,500,3,1.0,10.215295987455999,214.220636,13.52184498341495,4.548874129692839,217.746624,213.476876,208.283224,archive\Floater\Floater_18.jpg
Floater_19.jpg,Floater,86.923828125,500,500,3,1.0,9.147771944304,216.299112,18.40636726818891,4.398473778564891,219.037944,215.900456,210.591988,archive\Floater\Floater_19.jpg
Floater_20.jpg,Floater,87.4384765625,500,500,3,1.0,7.996403809904,216.953208,13.535379806593387,4.412148485005769,220.287768,216.374112,210.715328,archive\Floater\Floater_20.jpg
Floater_21.jpg,Floater,87.3798828125,500,500,3,1.0,8.428691928176,215.037368,15.175253659579335,4.023121376361772,217.80476,214.44084,210.301512,archive\Floater\Floater_21.jpg
Floater_22.jpg,Floater,86.294921875,500,500,3,1.0,8.252367976895998,214.12514,16.15431063154352,4.077750554259745,216.697248,213.535368,209.906424,archive\Floater\Floater_22.jpg
Floater_23.jpg,Floater,87.4033203125,500,500,3,1.0,9.183727987455999,209.408192,16.341274959168146,4.526338718151181,212.3531,208.6872,204.794992,archive\Floater\Floater_23.jpg
Floater_24.jpg,Floater,100.662109375,500,500,3,1.0,14.210507961583998,207.326196,18.839998730615246,4.768535787440089,211.977468,206.624352,198.543928,archive\Floater\Floater_24.jpg
Floater_25.jpg,Floater,91.5322265625,500,500,3,1.0,11.500759930304,219.928556,14.447605052563695,4.0578580085730875,222.267412,219.419136,216.361032,archive\Floater\Floater_25.jpg
Floater_26.jpg,Floater,94.197265625,500,500,3,1.0,19.267639989184,215.86034,22.43545486689316,4.134441418048592,217.566528,215.44722,213.5007,archive\Floater\Floater_26.jpg
Floater_27.jpg,Floater,100.970703125,500,500,3,1.0,28.254575999424002,214.416928,17.12026550736921,4.604732788859161,217.32168,213.855192,209.222496,archive\Floater\Floater_27.jpg
Floater_28.jpg,Floater,111.224609375,500,500,3,1.0,18.776711864576,209.965344,18.40695517899862,5.227436145995894,215.527848,209.263624,198.710228,archive\Floater\Floater_28.jpg
Floater_29.jpg,Floater,93.8447265625,500,500,3,1.0,15.314927997696,218.483188,12.829487182138498,3.9933542768603667,220.221204,217.973056,216.027664,archive\Floater\Floater_29.jpg
Floater_30.jpg,Floater,101.70703125,500,500,3,1.0,21.381471930304,211.575884,18.30445218023593,4.678409310082843,215.12864,210.863552,205.431068,archive\Floater\Floater_30.jpg
Floater_31.jpg,Floater,106.189453125,500,500,3,1.0,27.245835757936,209.048792,18.499008928608475,5.0690553103471645,212.860372,208.283268,202.536116,archive\Floater\Floater_31.jpg
Floater_32.jpg,Floater,103.77734375,500,500,3,1.0,19.086207917056,209.221124,16.627498073270793,4.598105489468101,213.055668,208.489644,202.434364,archive\Floater\Floater_32.jpg
Floater_33.jpg,Floater,100.478515625,500,500,3,1.0,17.909027543024,210.60118,18.538470773167887,4.308632413992908,214.017792,209.947696,204.476892,archive\Floater\Floater_33.jpg
Floater_34.jpg,Floater,89.0029296875,500,500,3,1.0,9.542847981504,218.130904,12.330537706960877,4.020504204227166,219.620168,217.750788,215.81468,archive\Floater\Floater_34.jpg
Floater_35.jpg,Floater,98.91796875,500,500,3,1.0,10.571275970416,209.128608,14.181130419763297,4.728129852039954,214.085376,208.484992,199.120844,archive\Floater\Floater_35.jpg
Floater_36.jpg,Floater,94.42578125,500,500,3,1.0,12.000539964656,216.44936,13.790471043093488,4.283500323305564,218.987116,216.031724,211.527792,archive\Floater\Floater_36.jpg
Floater_37.jpg,Floater,90.4287109375,500,500,3,1.0,10.582215949824,216.816028,20.515514673125214,4.16799110907368,218.406888,216.517792,214.067032,archive\Floater\Floater_37.jpg
Floater_38.jpg,Floater,87.359375,500,500,3,1.0,8.528587905136,220.389772,14.298491731228717,3.9437169422382925,222.320216,220.006292,217.28452,archive\Floater\Floater_38.jpg
Floater_39.jpg,Floater,98.513671875,500,500,3,1.0,12.938787932399999,211.598216,23.17360329377682,4.796401083449657,214.886476,211.086744,205.59462,archive\Floater\Floater_39.jpg
Floater_40.jpg,Floater,93.990234375,500,500,3,1.0,13.764547521136,209.748836,25.307426748784714,4.8764969137388015,212.763408,209.170724,205.002968,archive\Floater\Floater_40.jpg
Floater_41.jpg,Floater,93.98828125,500,500,3,1.0,14.183135990784,207.929328,26.61187234052531,4.979370584718436,212.316924,207.183712,200.126448,archive\Floater\Floater_41.jpg
Floater_42.jpg,Floater,101.9091796875,500,500,3,1.0,14.442763765744,202.451164,28.351450457518112,5.491014493134996,207.54098,201.770816,192.318712,archive\Floater\Floater_42.jpg
Floater_43.jpg,Floater,109.490234375,500,500,3,1.0,23.162975934464,199.13314,32.418355259642645,5.618503172035509,204.328168,198.320916,189.32588,archive\Floater\Floater_43.jpg
Floater_44.jpg,Floater,97.4921875,500,500,3,1.0,16.677663999935998,210.33792,20.098027019426556,4.180857401775498,213.180256,209.853456,205.335724,archive\Floater\Floater_44.jpg
Floater_45.jpg,Floater,84.7373046875,500,500,3,1.0,8.752775996863999,207.658348,23.36019635856891,4.536374399010484,209.991696,207.126136,204.40544,archive\Floater\Floater_45.jpg
Floater_46.jpg,Floater,88.740234375,500,500,3,1.0,9.6969239804,205.993212,24.00068994681311,4.488167234348623,209.826088,205.384988,198.86768,archive\Floater\Floater_46.jpg
Floater_47.jpg,Floater,99.5126953125,500,500,3,1.0,15.946131999983999,202.758064,25.100340295938302,4.814522154517766,207.218068,202.143824,193.843764,archive\Floater\Floater_47.jpg
Floater_48.jpg,Floater,98.2275390625,500,500,3,1.0,14.359255994816,200.412004,27.192137553049854,4.88811410598551,205.061656,199.74852,191.16874,archive\Floater\Floater_48.jpg
Full Black_01.jpg,Full Black,113.291015625,500,500,3,1.0,38.841423992256,169.992224,70.46599778285854,6.192227773316959,172.754712,168.935116,168.013164,archive\Full Black\Full Black_01.jpg
Full Black_02.jpg,Full Black,100.5244140625,500,500,3,1.0,24.362411340656003,173.509984,70.22004514609588,5.977156543549316,177.474572,171.928864,170.641488,archive\Full Black\Full Black_02.jpg
Full Black_03.jpg,Full Black,86.3486328125,500,500,3,1.0,13.925415876095999,189.975728,52.05569865893662,5.174361165334747,193.726604,188.760728,186.213316,archive\Full Black\Full Black_03.jpg
Full Black_04.jpg,Full Black,96.2255859375,500,500,3,1.0,22.604747992944,179.0043,65.5107921606051,5.376713736781612,182.166668,177.707356,177.273328,archive\Full Black\Full Black_04.jpg
Full Black_05.jpg,Full Black,107.0498046875,500,500,3,1.0,31.779735820224,169.708716,70.71979772052055,6.065538684427142,172.417024,168.626564,167.907544,archive\Full Black\Full Black_05.jpg
Full Black_06.jpg,Full Black,99.849609375,500,500,3,1.0,21.440315992943997,171.945316,69.60824845993572,5.911663732658597,175.79758,170.356404,169.537216,archive\Full Black\Full Black_06.jpg
Full Black_07.jpg,Full Black,96.4345703125,500,500,3,1.0,17.253131999856002,173.460576,71.205691105053,5.546107361193197,175.75248,172.29554,172.990324,archive\Full Black\Full Black_07.jpg
Full Black_08.jpg,Full Black,101.1044921875,500,500,3,1.0,20.24902775,175.667044,67.37992864571811,5.893999590683731,178.8569,174.398784,173.59204,archive\Full Black\Full Black_08.jpg
Full Black_09.jpg,Full Black,97.83984375,500,500,3,1.0,20.982395961584,183.321364,55.78218053446373,5.805294533740861,188.09894,181.833408,177.993172,archive\Full Black\Full Black_09.jpg
Full Black_10.jpg,Full Black,100.91796875,500,500,3,1.0,20.451611964656003,171.254948,69.56015397853353,5.869218139927264,174.442068,169.894608,169.400112,archive\Full Black\Full Black_10.jpg
Full Black_11.jpg,Full Black,102.1201171875,500,500,3,1.0,30.118875919344,176.540316,69.48069376898984,5.446344598014947,178.396736,175.622052,176.294288,archive\Full Black\Full Black_11.jpg
Full Black_12.jpg,Full Black,120.076171875,500,500,3,1.0,56.754083995376,187.089364,52.50319839853096,5.430572321903089,194.054784,184.922176,179.614724,archive\Full Black\Full Black_12.jpg
Full Black_13.jpg,Full Black,90.3349609375,500,500,3,1.0,12.573943983616003,173.351732,72.12589981830504,5.620636659811933,175.636,172.209412,172.873436,archive\Full Black\Full Black_13.jpg
Full Black_14.jpg,Full Black,101.3642578125,500,500,3,1.0,25.603167907584,178.945724,64.20112206274766,5.751297775637706,182.084976,177.704868,176.56136,archive\Full Black\Full Black_14.jpg
Full Black_15.jpg,Full Black,95.529296875,500,500,3,1.0,24.081487990783998,177.383236,68.83293727691928,5.270226561325313,178.518832,176.850976,176.66464,archive\Full Black\Full Black_15.jpg
Full Black_16.jpg,Full Black,103.9716796875,500,500,3,1.0,31.118919966144,181.70768,64.40561190624307,5.350889133152711,184.325652,180.62916,180.256608,archive\Full Black\Full Black_16.jpg
Full Black_17.jpg,Full Black,106.05859375,500,500,3,1.0,34.33078391238401,193.607248,54.38941707599463,4.842988390132933,197.400768,192.234692,190.386384,archive\Full Black\Full Black_17.jpg
Full Black_18.jpg,Full Black,101.9140625,500,500,3,1.0,27.999195978096,180.689368,58.326453310316886,5.613648397004161,186.201664,178.986844,174.596212,archive\Full Black\Full Black_18.jpg
Full Black_19.jpg,Full Black,95.26953125,500,500,3,1.0,24.178704,174.542544,67.52622457984796,5.374491007570722,178.873732,172.745736,171.695276,archive\Full Black\Full Black_19.jpg
Full Black_20.jpg,Full Black,95.677734375,500,500,3,1.0,24.1001039216,178.537892,63.60230181523571,5.609371371467104,182.324092,176.865968,177.032976,archive\Full Black\Full Black_20.jpg
Full Black_21.jpg,Full Black,109.697265625,500,500,3,1.0,25.268435999216,175.863592,60.77482058268487,5.9688048117661365,181.185008,173.884364,171.865148,archive\Full Black\Full Black_21.jpg
Full Black_22.jpg,Full Black,113.5966796875,500,500,3,1.0,26.111715982575998,161.25194,66.06334961411206,6.294417422571524,168.238256,158.877972,154.776972,archive\Full Black\Full Black_22.jpg
Full Black_23.jpg,Full Black,107.4931640625,500,500,3,1.0,21.114683999856,184.749864,49.98750235790447,5.618018824630836,192.086628,182.449188,176.873572,archive\Full Black\Full Black_23.jpg
Full Black_24.jpg,Full Black,103.0634765625,500,500,3,1.0,22.014635940464,174.259184,68.65820947020207,5.968736440006015,177.500148,173.00172,172.206712,archive\Full Black\Full Black_24.jpg
Full Black_25.jpg,Full Black,99.0380859375,500,500,3,1.0,17.390367721216002,162.684284,72.16372489975377,5.912223582150817,165.03902,161.583084,161.86022,archive\Full Black\Full Black_25.jpg
Full Black_26.jpg,Full Black,94.6640625,500,500,3,1.0,25.661843999856,185.558948,61.57693643835569,5.082184676929802,187.855352,184.40054,185.319816,archive\Full Black\Full Black_26.jpg
Full Black_27.jpg,Full Black,109.1689453125,500,500,3,1.0,30.950903983615998,155.015676,74.13161062774115,6.260766628486751,158.969752,153.425604,152.350444,archive\Full Black\Full Black_27.jpg
Full Black_28.jpg,Full Black,94.3193359375,500,500,3,1.0,19.574459905136,157.949044,75.65614829930257,5.924841434838944,160.254996,156.840484,157.247064,archive\Full Black\Full Black_28.jpg
Full Black_29.jpg,Full Black,97.7421875,500,500,3,1.0,19.030351917056,164.782312,72.68209119126016,5.714017479735013,168.240508,163.28894,162.948056,archive\Full Black\Full Black_29.jpg
Full Black_30.jpg,Full Black,114.412109375,500,500,3,1.0,24.351351917056,179.629552,69.99154469133607,6.038187361499558,183.553008,178.199448,176.750876,archive\Full Black\Full Black_30.jpg
Full Black_31.jpg,Full Black,113.390625,500,500,3,1.0,17.763899948016,198.328672,55.53623104529525,5.689117467458976,204.674596,196.43132,191.285968,archive\Full Black\Full Black_31.jpg
Full Black_32.jpg,Full Black,124.1923828125,500,500,3,1.0,30.114959784704,191.87684,53.23374200274108,6.20628782750842,201.380332,189.267732,180.052008,archive\Full Black\Full Black_32.jpg
Full Black_33.jpg,Full Black,100.8671875,500,500,3,1.0,22.704683923823996,184.683972,66.36963482122843,5.289042638449175,186.828204,183.751932,183.904668,archive\Full Black\Full Black_33.jpg
Full Black_34.jpg,Full Black,109.09765625,500,500,3,1.0,25.510119956736,197.792068,51.47643531057076,5.080529669210729,202.861708,196.29468,192.114668,archive\Full Black\Full Black_34.jpg
Full Black_35.jpg,Full Black,95.34765625,500,500,3,1.0,17.254739553775998,183.516948,55.475999430071525,5.8429452027691005,188.347756,182.084188,177.714832,archive\Full Black\Full Black_35.jpg
Full Black_36.jpg,Full Black,114.6484375,500,500,3,1.0,30.515383976896,183.660872,64.89102557518733,5.48032565387816,187.960676,182.221072,179.459012,archive\Full Black\Full Black_36.jpg
Full Black_37.jpg,Full Black,94.8330078125,500,500,3,1.0,17.543999930303997,170.502468,70.59098544367387,5.878208803665665,173.593016,169.142568,168.938332,archive\Full Black\Full Black_37.jpg
Full Black_38.jpg,Full Black,101.9794921875,500,500,3,1.0,29.641267940464,186.270352,58.01337381842308,5.494890856585615,190.272592,184.987688,182.46412,archive\Full Black\Full Black_38.jpg
Full Black_39.jpg,Full Black,99.1748046875,500,500,3,1.0,22.246679987456,184.029956,63.47155692621746,5.543553082127664,188.517408,182.515144,179.990424,archive\Full Black\Full Black_39.jpg
Full Black_40.jpg,Full Black,103.06640625,500,500,3,1.0,33.844487833536,182.929696,66.18791256224647,5.275729515508082,184.94968,182.091648,182.146748,archive\Full Black\Full Black_40.jpg
Full Black_41.jpg,Full Black,99.5498046875,500,500,3,1.0,32.76263198150399,184.581524,62.37146207872174,5.342123416593314,187.21054,183.606828,182.99132,archive\Full Black\Full Black_41.jpg
Full Sour_01.jpg,Full Sour,87.2080078125,500,500,3,1.0,25.198019836784002,218.75484,33.64217817820957,4.052864981559949,221.946124,217.511808,216.288656,archive\Full Sour\Full Sour_01.jpg
Full Sour_02.jpg,Full Sour,22.220703125,500,500,3,1.0,10.4764759996,214.861336,34.22547279870804,4.24802622217618,217.83772,213.579228,213.107024,archive\Full Sour\Full Sour_02.jpg
Full Sour_03.jpg,Full Sour,19.619140625,500,500,3,1.0,3.491663992256,215.32272,40.12885540109013,3.570874625968205,218.96094,214.274704,212.280484,archive\Full Sour\Full Sour_03.jpg
Full Sour_04.jpg,Full Sour,21.2666015625,500,500,3,1.0,7.179995999856001,219.0561,31.258866914685186,4.290492433160314,222.051976,218.051344,216.619564,archive\Full Sour\Full Sour_04.jpg
Full Sour_05.jpg,Full Sour,99.1826171875,500,500,3,1.0,36.707403861616,199.78518,42.737395526255455,5.118505135527327,205.808576,197.549764,195.453688,archive\Full Sour\Full Sour_05.jpg
Full Sour_06.jpg,Full Sour,20.6171875,500,500,3,1.0,10.556051999855999,221.437532,31.346673471821152,3.855385455138778,223.792312,220.6045,220.274176,archive\Full Sour\Full Sour_06.jpg
Full Sour_07.jpg,Full Sour,20.41796875,500,500,3,1.0,7.019951994816,220.877168,32.604613911220845,3.645844945316261,223.834172,219.833972,218.736148,archive\Full Sour\Full Sour_07.jpg
Full Sour_08.jpg,Full Sour,21.3974609375,500,500,3,1.0,6.581647999744,214.373312,41.92651702861396,4.266342352760965,217.729896,213.25972,212.062704,archive\Full Sour\Full Sour_08.jpg
Full Sour_09.jpg,Full Sour,20.0341796875,500,500,3,1.0,3.2319239942239997,217.59542,35.068380501865214,4.095510890988251,221.857152,216.145288,214.19622,archive\Full Sour\Full Sour_09.jpg
Full Sour_10.jpg,Full Sour,94.64453125,500,500,3,1.0,25.413847852544002,194.131428,39.32177293409868,5.105243488947743,201.254476,191.521132,188.921172,archive\Full Sour\Full Sour_10.jpg
Full Sour_11.jpg,Full Sour,101.9208984375,500,500,3,1.0,26.940383987456,201.026204,40.42728412038563,5.622848814066332,208.536368,198.963372,191.881048,archive\Full Sour\Full Sour_11.jpg
Full Sour_12.jpg,Full Sour,104.671875,500,500,3,1.0,22.309935989183998,195.862308,45.391990977628815,5.822240593010989,204.499828,193.4147,185.771508,archive\Full Sour\Full Sour_12.jpg
Full Sour_13.jpg,Full Sour,90.1982421875,500,500,3,1.0,30.467455946176,209.189772,38.75786793140221,5.100205909287803,213.87224,207.48654,205.670776,archive\Full Sour\Full Sour_13.jpg
Full Sour_14.jpg,Full Sour,109.3583984375,500,500,3,1.0,40.134375998976,195.687368,41.89938802933255,5.646605402101168,205.041684,193.177444,184.0869,archive\Full Sour\Full Sour_14.jpg
Full Sour_15.jpg,Full Sour,104.724609375,500,500,3,1.0,23.611647969024002,192.207568,43.1829199050432,5.599385413338867,200.525936,189.84636,182.47028,archive\Full Sour\Full Sour_15.jpg
Full Sour_16.jpg,Full Sour,20.3994140625,500,500,3,1.0,5.207495999744,215.974456,39.481228191433765,4.098805046127238,218.73884,214.677884,215.081328,archive\Full Sour\Full Sour_16.jpg
Full Sour_17.jpg,Full Sour,112.48828125,500,500,3,1.0,32.5294597084,186.849372,52.24245579225402,6.046976342769677,197.389116,183.92784,173.922568,archive\Full Sour\Full Sour_17.jpg
Full Sour_18.jpg,Full Sour,21.7255859375,500,500,3,1.0,7.533912,216.726672,39.806220968642776,4.126687542415733,220.105112,215.41132,214.745672,archive\Full Sour\Full Sour_18.jpg
Full Sour_19.jpg,Full Sour,107.7705078125,500,500,3,1.0,30.066739830256,187.367552,46.943575423345166,5.933586657300197,197.690256,184.587548,174.572696,archive\Full Sour\Full Sour_19.jpg
Full Sour_20.jpg,Full Sour,20.0322265625,500,500,3,1.0,5.057051964656,221.019532,30.772782885221414,3.7209939846523086,224.161932,220.23406,217.81212,archive\Full Sour\Full Sour_20.jpg
Full Sour_21.jpg,Full Sour,21.76171875,500,500,3,1.0,8.163875998064,216.260724,35.419537249882644,4.517058295625265,219.08174,215.644136,213.013048,archive\Full Sour\Full Sour_21.jpg
Full Sour_22.jpg,Full Sour,19.7880859375,500,500,3,1.0,4.6718479936,219.4248,33.879882540528385,3.46086833389974,222.8777,217.955644,217.731472,archive\Full Sour\Full Sour_22.jpg
Full Sour_23.jpg,Full Sour,20.724609375,500,500,3,1.0,8.386511992256,216.236844,44.17553790187126,3.5014707802849294,217.735776,215.200532,217.382772,archive\Full Sour\Full Sour_23.jpg
Full Sour_24.jpg,Full Sour,91.181640625,500,500,3,1.0,30.334031966143996,206.356568,35.97257515471162,5.2362374173696775,211.536232,204.443764,202.518128,archive\Full Sour\Full Sour_24.jpg
Full Sour_25.jpg,Full Sour,19.6064453125,500,500,3,1.0,4.725463999935999,224.36482,23.465464631402465,3.433515424315337,227.744244,223.411332,220.877084,archive\Full Sour\Full Sour_25.jpg
Full Sour_26.jpg,Full Sour,22.798828125,500,500,3,1.0,19.679647999744002,218.503212,39.423086810688176,3.4181819392107493,222.078052,217.260508,216.13106,archive\Full Sour\Full Sour_26.jpg
Full Sour_27.jpg,Full Sour,22.650390625,500,500,3,1.0,15.6897518704,217.160736,36.94965899623843,3.936070064091129,219.822852,216.467088,214.656804,archive\Full Sour\Full Sour_27.jpg
Full Sour_28.jpg,Full Sour,22.84765625,500,500,3,1.0,20.169819988336002,216.876056,35.58755285046815,4.3359865255501955,220.579764,215.578624,213.939536,archive\Full Sour\Full Sour_28.jpg
Full Sour_29.jpg,Full Sour,21.416015625,500,500,3,1.0,10.2797119984,219.249868,34.49033107963123,4.0538950842759665,222.336636,218.018388,217.753076,archive\Full Sour\Full Sour_29.jpg
Full Sour_30.jpg,Full Sour,20.6806640625,500,500,3,1.0,6.529463969024,220.624984,31.985518144931525,4.073320841965017,224.230856,219.442868,217.674904,archive\Full Sour\Full Sour_30.jpg
Full Sour_31.jpg,Full Sour,20.1357421875,500,500,3,1.0,5.770359996864,221.554564,34.0545960300501,3.5108915964664345,224.8645,220.2755,219.494232,archive\Full Sour\Full Sour_31.jpg
Full Sour_32.jpg,Full Sour,19.4501953125,500,500,3,1.0,8.1569199984,222.696412,35.84527715510449,2.9126851263374802,225.388688,221.467504,222.080464,archive\Full Sour\Full Sour_32.jpg
Full Sour_33.jpg,Full Sour,20.3173828125,500,500,3,1.0,4.282315999984,217.467632,37.961973820029115,3.623782097968877,221.340864,216.208756,214.19672,archive\Full Sour\Full Sour_33.jpg
Full Sour_34.jpg,Full Sour,21.208984375,500,500,3,1.0,8.557659984623998,218.634412,35.068722893972854,4.002643778227392,222.151724,217.473,215.992492,archive\Full Sour\Full Sour_34.jpg
Full Sour_35.jpg,Full Sour,86.759765625,500,500,3,1.0,15.841959999936,215.367868,26.459352923580276,4.737774985131996,220.826568,213.864624,208.577856,archive\Full Sour\Full Sour_35.jpg
Full Sour_36.jpg,Full Sour,20.466796875,500,500,3,1.0,3.8942959874559997,215.385256,38.765234551263376,4.088434232888378,219.6692,214.026152,211.886768,archive\Full Sour\Full Sour_36.jpg
Full Sour_37.jpg,Full Sour,19.9541015625,500,500,3,1.0,4.599227999984,219.756996,31.39564213479291,3.684508926406556,222.713164,218.716236,217.780552,archive\Full Sour\Full Sour_37.jpg
Full Sour_38.jpg,Full Sour,20.935546875,500,500,3,1.0,6.2625239999839994,216.28952,36.80919735839943,3.9484662024306965,219.82544,214.968056,213.845616,archive\Full Sour\Full Sour_38.jpg
Full Sour_39.jpg,Full Sour,21.189453125,500,500,3,1.0,5.603747996399999,215.229624,42.77726920712242,3.99463348042127,219.186584,213.719856,212.8533,archive\Full Sour\Full Sour_39.jpg
Full Sour_40.jpg,Full Sour,19.4892578125,500,500,3,1.0,3.042599997696,221.643592,29.567758070870642,4.404904945045123,225.0514,220.629288,218.342708,archive\Full Sour\Full Sour_40.jpg
Full Sour_41.jpg,Full Sour,18.98046875,500,500,3,1.0,3.635511997696,223.22492,27.88214387369809,4.389388476160686,225.759464,222.611364,220.192364,archive\Full Sour\Full Sour_41.jpg
Full Sour_42.jpg,Full Sour,18.40234375,500,500,3,1.0,3.7458039992160006,226.523308,26.602047754583406,3.72893802059113,228.914156,225.941116,224.253612,archive\Full Sour\Full Sour_42.jpg
Full Sour_43.jpg,Full Sour,17.9462890625,500,500,3,1.0,2.8160959999359996,228.689696,23.713913372271225,3.412017416323923,230.691756,228.115924,227.153576,archive\Full Sour\Full Sour_43.jpg
Full Sour_44.jpg,Full Sour,17.7626953125,500,500,3,1.0,2.4317239996,227.566876,25.782966307246806,3.230649296433232,229.51326,226.858564,226.459804,archive\Full Sour\Full Sour_44.jpg
Full Sour_45.jpg,Full Sour,18.83984375,500,500,3,1.0,2.7611479992160004,223.275712,36.78949218041826,3.9224617434411355,225.676336,222.100268,222.972704,archive\Full Sour\Full Sour_45.jpg
Full Sour_46.jpg,Full Sour,20.1328125,500,500,3,1.0,4.762879999423999,215.989324,38.53548694415349,4.207708709521901,218.651272,214.7768,215.093632,archive\Full Sour\Full Sour_46.jpg
Full Sour_47.jpg,Full Sour,20.1904296875,500,500,3,1.0,3.0797793011039998,208.709896,36.45616863672298,3.9535966642954645,213.17484,207.242384,205.12608,archive\Full Sour\Full Sour_47.jpg
Full Sour_48.jpg,Full Sour,21.4638671875,500,500,3,1.0,5.444219995376,207.685932,40.24772705745476,3.9966963343552537,211.546868,206.463668,204.767948,archive\Full Sour\Full Sour_48.jpg
Full Sour_49.jpg,Full Sour,18.8759765625,500,500,3,1.0,2.885519999424,212.642608,27.967058317927112,3.6122337490905343,215.369432,212.018396,209.910996,archive\Full Sour\Full Sour_49.jpg
Full Sour_50.jpg,Full Sour,20.30078125,500,500,3,1.0,5.087319992256001,212.124004,32.96587464345492,3.230323468797671,215.075616,211.138744,210.231724,archive\Full Sour\Full Sour_50.jpg
Full Sour_51.jpg,Full Sour,19.8544921875,500,500,3,1.0,3.642491940464,210.607036,39.46375541296981,3.5788943667357707,213.425056,209.366912,209.98706,archive\Full Sour\Full Sour_51.jpg
Full Sour_52.jpg,Full Sour,20.134765625,500,500,3,1.0,5.792523973104,212.09646,32.7740596732904,3.2741465230935316,215.4388,211.021332,209.760568,archive\Full Sour\Full Sour_52.jpg
Full Sour_53.jpg,Full Sour,20.7216796875,500,500,3,1.0,4.174099992944,203.038236,41.16793633409749,4.313054006766916,206.880072,201.68192,200.367888,archive\Full Sour\Full Sour_53.jpg
Full Sour_54.jpg,Full Sour,20.015625,500,500,3,1.0,4.0385799915359994,207.651404,29.474834500447734,4.339714098133036,209.80712,206.807872,206.522408,archive\Full Sour\Full Sour_54.jpg
Full Sour_55.jpg,Full Sour,20.8935546875,500,500,3,1.0,4.678759998976001,202.467988,37.98571214590897,4.51560196447253,205.842656,201.458168,199.306552,archive\Full Sour\Full Sour_55.jpg
Full Sour_56.jpg,Full Sour,21.2412109375,500,500,3,1.0,6.411407989183999,206.887148,32.375820552166644,4.197953631509856,209.80186,205.925092,204.866084,archive\Full Sour\Full Sour_56.jpg
Full Sour_57.jpg,Full Sour,22.638671875,500,500,3,1.0,16.345407995903997,215.530212,38.52883812464445,4.160689808819883,219.302912,214.145488,213.026152,archive\Full Sour\Full Sour_57.jpg
Full Sour_58.jpg,Full Sour,20.89453125,500,500,3,1.0,6.537643975664,208.190712,32.67477358656148,3.7819431727039134,210.76888,207.27688,206.346992,archive\Full Sour\Full Sour_58.jpg
Full Sour_59.jpg,Full Sour,20.3515625,500,500,3,1.0,5.964651992944001,208.899404,29.882114858971814,3.955419839459977,210.9762,208.315196,207.523988,archive\Full Sour\Full Sour_59.jpg
Full Sour_60.jpg,Full Sour,19.7783203125,500,500,3,1.0,3.1958479984,205.480292,40.419187864116424,4.237592138234635,208.337884,204.299864,204.718872,archive\Full Sour\Full Sour_60.jpg
Full Sour_61.jpg,Full Sour,20.6689453125,500,500,3,1.0,4.702403999216,205.134044,40.131278128238876,3.7888371968095385,208.935824,204.007712,201.650284,archive\Full Sour\Full Sour_61.jpg
Full Sour_62.jpg,Full Sour,19.4609375,500,500,3,1.0,2.9815959964000003,208.650676,35.223763693606394,3.4073039905303335,210.868788,207.893872,207.236276,archive\Full Sour\Full Sour_62.jpg
Full Sour_63.jpg,Full Sour,20.591796875,500,500,3,1.0,4.398263999744,208.766636,32.648680359908944,3.7189520877424873,211.722332,207.868,206.580664,archive\Full Sour\Full Sour_63.jpg
Full Sour_64.jpg,Full Sour,18.6162109375,500,500,3,1.0,2.5512199999839997,209.758716,30.922575734103134,3.3781588918169096,211.932656,208.887244,208.961552,archive\Full Sour\Full Sour_64.jpg
Full Sour_65.jpg,Full Sour,22.7041015625,500,500,3,1.0,14.834095997696,214.105828,40.3928240710453,4.284937510457863,218.215748,212.820104,210.806432,archive\Full Sour\Full Sour_65.jpg
Full Sour_66.jpg,Full Sour,89.5625,500,500,3,1.0,19.3826679804,201.435152,34.77929088893124,5.129969170923945,207.80134,199.267316,195.946584,archive\Full Sour\Full Sour_66.jpg
Full Sour_67.jpg,Full Sour,22.2900390625,500,500,3,1.0,8.549203992943998,210.369856,46.30808748522513,4.056158992000795,213.269228,209.528976,208.187868,archive\Full Sour\Full Sour_67.jpg
Full Sour_68.jpg,Full Sour,105.5986328125,500,500,3,1.0,29.19874384,198.573444,32.588256135897545,4.414151940347834,201.84616,197.250624,196.433844,archive\Full Sour\Full Sour_68.jpg
Full Sour_69.jpg,Full Sour,104.9384765625,500,500,3,1.0,52.410139867504,212.869496,36.4776224102666,4.802853827714426,219.471996,210.863236,205.592568,archive\Full Sour\Full Sour_69.jpg
Full Sour_70.jpg,Full Sour,102.4755859375,500,500,3,1.0,44.352987995376,213.008408,32.60007032669617,5.027439140030622,218.00088,211.405832,208.167016,archive\Full Sour\Full Sour_70.jpg
Full Sour_71.jpg,Full Sour,101.0537109375,500,500,3,1.0,50.388955900144,211.73324,37.812804062941424,4.854086136899276,216.84928,210.00528,206.918348,archive\Full Sour\Full Sour_71.jpg
Full Sour_72.jpg,Full Sour,102.130859375,500,500,3,1.0,44.285043994224004,213.9799,35.509590816989146,4.453444351972225,220.386556,212.06306,206.68334,archive\Full Sour\Full Sour_72.jpg
Full Sour_73.jpg,Full Sour,103.0068359375,500,500,3,1.0,42.603959969024004,211.62408,40.18115772540159,4.687834870227307,216.58334,209.87996,207.440804,archive\Full Sour\Full Sour_73.jpg
Full Sour_74.jpg,Full Sour,102.7158203125,500,500,3,1.0,54.283763873264,209.162612,36.32922902206233,5.017117896227986,213.439304,207.580108,205.99238,archive\Full Sour\Full Sour_74.jpg
Full Sour_75.jpg,Full Sour,100.5107421875,500,500,3,1.0,47.758451878896,211.125508,38.098660288019786,4.796091785766839,216.099312,209.407856,206.427552,archive\Full Sour\Full Sour_75.jpg
Fungus Damage_01.jpg,Fungus Damange,84.0830078125,500,500,3,1.0,16.780999902656,203.291924,41.07034697172917,4.806811072096359,206.85136,202.174808,199.662576,archive\Fungus Damange\Fungus Damage_01.jpg
Fungus Damage_02.jpg,Fungus Damange,18.6728515625,500,500,3,1.0,8.993435999984001,229.239476,34.04133674292806,2.9699035838870613,229.535892,228.597232,231.586136,archive\Fungus Damange\Fungus Damage_02.jpg
Fungus Damage_03.jpg,Fungus Damange,17.7490234375,500,500,3,1.0,6.413375994816,231.144112,29.293066069147766,2.922941163596274,231.291944,230.74662,233.241488,archive\Fungus Damange\Fungus Damage_03.jpg
Fungus Damage_04.jpg,Fungus Damange,19.6318359375,500,500,3,1.0,9.869179999599998,231.915208,21.034062335096756,3.6585168464511444,233.305044,231.493652,230.953256,archive\Fungus Damange\Fungus Damage_04.jpg
Fungus Damage_05.jpg,Fungus Damange,18.8935546875,500,500,3,1.0,10.714399997695999,231.053632,27.870762379392783,3.217306390609549,231.957656,230.582816,231.491676,archive\Fungus Damange\Fungus Damage_05.jpg
Fungus Damage_06.jpg,Fungus Damange,19.8974609375,500,500,3,1.0,9.247115997296,231.998632,23.249091985034084,3.4673965074529285,233.320928,231.584268,231.061416,archive\Fungus Damange\Fungus Damage_06.jpg
Fungus Damage_07.jpg,Fungus Damange,20.6806640625,500,500,3,1.0,6.801543999744,232.700668,24.960968978662986,3.322653814315171,235.40562,231.996904,229.704588,archive\Fungus Damange\Fungus Damage_07.jpg
Fungus Damage_08.jpg,Fungus Damange,14.8525390625,500,500,3,1.0,18.612179996400002,225.200848,45.536382334139105,3.5415975743898622,225.684472,224.933128,226.162848,archive\Fungus Damange\Fungus Damage_08.jpg
Fungus Damage_09.jpg,Fungus Damange,18.3681640625,500,500,3,1.0,7.298595998703999,234.12268,24.093940101560804,2.9490103171624407,235.155252,233.794056,233.863536,archive\Fungus Damange\Fungus Damage_09.jpg
Fungus Damage_10.jpg,Fungus Damange,19.1513671875,500,500,3,1.0,8.364639997695999,236.953664,15.96125524434416,2.8066706048349275,238.674556,236.569884,235.117868,archive\Fungus Damange\Fungus Damage_10.jpg
Fungus Damage_11.jpg,Fungus Damange,19.3759765625,500,500,3,1.0,7.680967999423999,233.823136,23.516012058287096,2.987165397467176,235.935592,233.230496,232.076056,archive\Fungus Damange\Fungus Damage_11.jpg
Fungus Damage_12.jpg,Fungus Damange,18.7275390625,500,500,3,1.0,4.5673039935999995,230.687472,18.303334074676556,3.262891249931864,232.82312,229.9771,228.971388,archive\Fungus Damange\Fungus Damage_12.jpg
Fungus Damage_13.jpg,Fungus Damange,21.59375,500,500,3,1.0,19.062011988336,226.562592,35.22683173720759,3.3503880992918305,227.63818,226.282672,226.110588,archive\Fungus Damange\Fungus Damage_13.jpg
Fungus Damage_14.jpg,Fungus Damange,20.7958984375,500,500,3,1.0,5.865987994223999,225.078928,33.089622094711444,3.828693212409257,228.33404,224.225704,221.929768,archive\Fungus Damange\Fungus Damage_14.jpg
Fungus Damage_15.jpg,Fungus Damange,19.7958984375,500,500,3,1.0,5.9509039936,227.359548,29.037111723373865,3.4140462431810437,228.473588,227.04754,226.4815,archive\Fungus Damange\Fungus Damage_15.jpg
Fungus Damage_16.jpg,Fungus Damange,19.6064453125,500,500,3,1.0,2.9850959959040004,229.82406,19.7942458587439,4.019973658280631,232.449364,229.321612,226.02834,archive\Fungus Damange\Fungus Damage_16.jpg
Fungus Damage_17.jpg,Fungus Damange,20.3251953125,500,500,3,1.0,8.324051997296,229.46892,26.030168229068362,3.4367650503388876,230.669388,229.14184,228.70696,archive\Fungus Damange\Fungus Damage_17.jpg
Fungus Damage_18.jpg,Fungus Damange,18.8642578125,500,500,3,1.0,8.0599239996,230.77434,23.55227601664858,3.1249485508011596,231.160992,230.56448,231.0446,archive\Fungus Damange\Fungus Damage_18.jpg
Fungus Damage_19.jpg,Fungus Damange,20.3798828125,500,500,3,1.0,7.552251999984,229.058112,19.183680121276417,3.730133544204264,231.190768,228.406596,227.156752,archive\Fungus Damange\Fungus Damage_19.jpg
Fungus Damage_20.jpg,Fungus Damange,22.6640625,500,500,3,1.0,16.4370399936,222.132656,40.06822364899227,3.9965335316515236,225.270296,221.15362,219.904604,archive\Fungus Damange\Fungus Damage_20.jpg
Fungus Damage_21.jpg,Fungus Damange,21.6669921875,500,500,3,1.0,14.699263999424,225.355256,33.25507782541583,3.8768010397034764,226.513156,225.007608,224.502356,archive\Fungus Damange\Fungus Damage_21.jpg
Fungus Damage_22.jpg,Fungus Damange,23.1865234375,500,500,3,1.0,16.156171982576,224.880216,30.871914676504016,4.490109764599683,228.767764,223.929932,220.060612,archive\Fungus Damange\Fungus Damage_22.jpg
Fungus Damage_23.jpg,Fungus Damange,21.205078125,500,500,3,1.0,10.684483958384,227.998008,28.670096268271163,3.8793392373389515,229.453864,227.573536,227.097624,archive\Fungus Damange\Fungus Damage_23.jpg
Fungus Damage_24.jpg,Fungus Damange,21.7294921875,500,500,3,1.0,15.852375993599999,226.264528,32.34525722478052,3.575252638226267,227.636264,225.909712,225.208224,archive\Fungus Damange\Fungus Damage_24.jpg
Fungus Damage_25.jpg,Fungus Damange,19.86328125,500,500,3,1.0,9.311155995376,230.229072,23.78830918789345,3.3794094623248667,230.873416,230.051688,229.876268,archive\Fungus Damange\Fungus Damage_25.jpg
Fungus Damage_26.jpg,Fungus Damange,18.8173828125,500,500,3,1.0,3.7736879959040004,230.136052,19.43760843965368,3.2903744095903553,232.951516,229.468196,226.591248,archive\Fungus Damange\Fungus Damage_26.jpg
Fungus Damage_27.jpg,Fungus Damange,18.9013671875,500,500,3,1.0,4.889443995376,230.519604,21.403258062341443,3.0282874118822076,231.702408,230.226928,229.7945,archive\Fungus Damange\Fungus Damage_27.jpg
Fungus Damage_28.jpg,Fungus Damange,22.3515625,500,500,3,1.0,12.610915982576,223.153724,37.75099676739442,3.752112958334175,226.439384,222.209036,220.073388,archive\Fungus Damange\Fungus Damage_28.jpg
Fungus Damage_29.jpg,Fungus Damange,19.712890625,500,500,3,1.0,6.082475999600001,230.054744,23.643957602196465,3.4377739394912767,231.377888,229.74508,228.84372,archive\Fungus Damange\Fungus Damage_29.jpg
Fungus Damage_30.jpg,Fungus Damange,19.357421875,500,500,3,1.0,3.795859998704,229.959716,26.08046067843404,3.3612102044742316,233.861892,229.032712,225.465384,archive\Fungus Damange\Fungus Damage_30.jpg
Fungus Damage_31.jpg,Fungus Damange,19.447265625,500,500,3,1.0,4.479283995376,230.625292,21.265511183950785,3.5159620113425394,233.300932,230.149712,226.9541,archive\Fungus Damange\Fungus Damage_31.jpg
Fungus Damage_32.jpg,Fungus Damange,21.3095703125,500,500,3,1.0,14.375499997296002,226.616616,30.222110857922285,3.424889078998777,229.22694,225.586512,225.181272,archive\Fungus Damange\Fungus Damage_32.jpg
Fungus Damage_33.jpg,Fungus Damange,22.4638671875,500,500,3,1.0,13.223179991535998,227.041116,24.771528040767773,3.8668944160336305,228.63542,226.822156,224.662296,archive\Fungus Damange\Fungus Damage_33.jpg
Fungus Damage_34.jpg,Fungus Damange,21.06640625,500,500,3,1.0,18.9899679424,228.855408,26.049577753843458,3.515375523096421,229.177804,228.882592,228.420924,archive\Fungus Damange\Fungus Damage_34.jpg
Fungus Damage_35.jpg,Fungus Damange,17.6845703125,500,500,3,1.0,11.025199995903998,234.03404,20.164750464074682,2.4452700233783746,234.068972,233.65868,236.370832,archive\Fungus Damange\Fungus Damage_35.jpg
Fungus Damage_36.jpg,Fungus Damange,19.8740234375,500,500,3,1.0,9.428159992256,229.194488,29.979625721777385,3.3190951240549857,231.52496,228.519588,227.570132,archive\Fungus Damange\Fungus Damage_36.jpg
Fungus Damage_37.jpg,Fungus Damange,18.826171875,500,500,3,1.0,3.5527359994239998,231.735488,20.766085654303172,3.5733659723747526,233.618076,231.24568,230.21396,archive\Fungus Damange\Fungus Damage_37.jpg
Fungus Damage_38.jpg,Fungus Damange,18.78515625,500,500,3,1.0,7.760279997696,233.52702,16.530379727023817,2.9461179048286805,234.477244,233.469188,232.70294,archive\Fungus Damange\Fungus Damage_38.jpg
Fungus Damage_39.jpg,Fungus Damange,20.47265625,500,500,3,1.0,6.967087999423999,224.276412,31.05055079070669,3.8812791805792464,227.027936,223.170872,222.578464,archive\Fungus Damange\Fungus Damage_39.jpg
Fungus Damage_40.jpg,Fungus Damange,24.0810546875,500,500,3,1.0,18.843359989184,219.53026,38.89851396046384,4.511449658034206,221.495156,219.184068,217.059368,archive\Fungus Damange\Fungus Damage_40.jpg
Fungus Damage_41.jpg,Fungus Damange,20.619140625,500,500,3,1.0,9.1691839984,225.946176,27.568184252449853,3.8000307231040384,226.536868,225.927612,225.127764,archive\Fungus Damange\Fungus Damage_41.jpg
Fungus Damage_42.jpg,Fungus Damange,19.640625,500,500,3,1.0,8.569787998064001,228.11818,27.450663771348047,3.698837865697605,230.98572,227.378424,225.40892,archive\Fungus Damange\Fungus Damage_42.jpg
Fungus Damage_43.jpg,Fungus Damange,19.5205078125,500,500,3,1.0,10.265735946176,230.57956,20.453819746110995,3.502476619614407,231.522664,230.5572,229.430116,archive\Fungus Damange\Fungus Damage_43.jpg
Fungus Damage_44.jpg,Fungus Damange,19.2119140625,500,500,3,1.0,4.268003997296,227.599576,28.021468138201183,3.8795881877375162,229.789652,226.94518,226.100932,archive\Fungus Damange\Fungus Damage_44.jpg
Fungus Damage_45.jpg,Fungus Damange,23.4365234375,500,500,3,1.0,14.871079999935999,218.963516,38.0704545930009,4.391251234358154,222.59314,217.940316,215.124888,archive\Fungus Damange\Fungus Damage_45.jpg
Fungus Damage_46.jpg,Fungus Damange,18.6171875,500,500,3,1.0,7.625271999424001,233.38556,19.253999259540862,2.457072183862115,234.505172,232.918152,233.187172,archive\Fungus Damange\Fungus Damage_46.jpg
Fungus Damage_47.jpg,Fungus Damange,21.1513671875,500,500,3,1.0,15.884807971775997,225.755448,30.502986121350414,3.5597993724794246,226.768992,225.3805,226.033,archive\Fungus Damange\Fungus Damage_47.jpg
Fungus Damage_48.jpg,Fungus Damange,18.537109375,500,500,3,1.0,5.5439839984,229.299444,24.57274167224455,3.143133146547469,231.239152,228.796164,227.995864,archive\Fungus Damange\Fungus Damage_48.jpg
Fungus Damage_49.jpg,Fungus Damange,19.494140625,500,500,3,1.0,6.620915999599999,228.175028,24.031370356249266,3.3654727985446287,229.898444,227.749308,226.882024,archive\Fungus Damange\Fungus Damage_49.jpg
Fungus Damage_50.jpg,Fungus Damange,19.189453125,500,500,3,1.0,4.33109199,229.571872,21.306079376920007,3.4668875663602714,231.609296,229.057216,227.409088,archive\Fungus Damange\Fungus Damage_50.jpg
Fungus Damage_51.jpg,Fungus Damange,17.9228515625,500,500,3,1.0,12.4748999996,233.089148,19.526979711007435,2.7259613768357096,233.77826,232.763816,233.791688,archive\Fungus Damange\Fungus Damage_51.jpg
Fungus Damage_52.jpg,Fungus Damange,20.1103515625,500,500,3,1.0,9.4372319856,229.406128,21.760604496374086,3.480547710955112,230.899044,229.145048,227.564136,archive\Fungus Damange\Fungus Damage_52.jpg
Fungus Damage_53.jpg,Fungus Damange,20.2763671875,500,500,3,1.0,8.094563988336,231.310976,19.836849899301654,3.8133278123572354,233.005832,231.120424,228.957896,archive\Fungus Damange\Fungus Damage_53.jpg
Fungus Damage_54.jpg,Fungus Damange,18.025390625,500,500,3,1.0,7.818351999936,234.5062,20.586459859820486,2.902239542535246,235.19634,234.270184,234.930064,archive\Fungus Damange\Fungus Damage_54.jpg
Fungus Damage_55.jpg,Fungus Damange,20.0849609375,500,500,3,1.0,7.488123997296,229.714044,26.098176970165255,3.8503562757955248,232.438948,228.943096,227.020608,archive\Fungus Damange\Fungus Damage_55.jpg
Fungus Damage_56.jpg,Fungus Damange,20.0654296875,500,500,3,1.0,8.561063999423999,228.597816,26.344244457378995,3.6758139907821765,230.199852,228.264128,227.143204,archive\Fungus Damange\Fungus Damage_56.jpg
Fungus Damage_57.jpg,Fungus Damange,17.92578125,500,500,3,1.0,8.985011998064,233.815088,19.91386611264262,2.158468424696365,234.554112,233.15266,235.02926,archive\Fungus Damange\Fungus Damage_57.jpg
Fungus Damage_58.jpg,Fungus Damange,18.2763671875,500,500,3,1.0,5.648559987455999,231.115096,23.15717359503927,3.119097754337134,233.48246,230.567076,228.755436,archive\Fungus Damange\Fungus Damage_58.jpg
Fungus Damage_59.jpg,Fungus Damange,21.9130859375,500,500,3,1.0,20.079183999423996,226.818192,33.500981744586774,3.7862197937282067,228.040056,226.456244,226.662488,archive\Fungus Damange\Fungus Damage_59.jpg
Fungus Damage_60.jpg,Fungus Damange,23.9296875,500,500,3,1.0,19.877395984624,218.228704,42.72480495543993,4.581203175643503,222.215004,216.91896,214.803424,archive\Fungus Damange\Fungus Damage_60.jpg
Fungus Damage_61.jpg,Fungus Damange,19.076171875,500,500,3,1.0,7.896723998703999,226.536496,36.50285550531608,3.7427686573580985,226.942256,225.959052,228.491772,archive\Fungus Damange\Fungus Damage_61.jpg
Fungus Damage_62.jpg,Fungus Damange,20.3447265625,500,500,3,1.0,8.089155998704001,221.002032,43.073538371847,4.258710985147986,222.07346,220.746316,220.540088,archive\Fungus Damange\Fungus Damage_62.jpg
Fungus Damage_63.jpg,Fungus Damange,22.037109375,500,500,3,1.0,8.479207985599999,222.859384,35.26983746972112,4.529024593251214,224.327864,222.640212,220.985,archive\Fungus Damange\Fungus Damage_63.jpg
Fungus Damage_64.jpg,Fungus Damange,111.9755859375,500,500,3,1.0,40.333347988336,200.567392,36.50401592042081,4.654472735074434,204.069216,199.478584,197.080008,archive\Fungus Damange\Fungus Damage_64.jpg
Fungus Damage_65.jpg,Fungus Damange,101.5732421875,500,500,3,1.0,15.4397719324,210.350192,20.143059687225673,4.501942299241255,213.078168,209.72186,206.600676,archive\Fungus Damange\Fungus Damage_65.jpg
Fungus Damage_66.jpg,Fungus Damange,98.142578125,500,500,3,1.0,23.687331553776,205.470844,30.421576913888995,3.916633280005393,208.281524,204.512728,203.315152,archive\Fungus Damange\Fungus Damage_66.jpg
Fungus Damage_67.jpg,Fungus Damange,96.8779296875,500,500,3,1.0,19.241407721216,191.720544,41.89181610224202,5.006713326524912,194.013744,190.652148,191.382056,archive\Fungus Damange\Fungus Damage_67.jpg
Fungus Damage_68.jpg,Fungus Damange,106.88671875,500,500,3,1.0,33.33614799998399,191.637532,39.56493696379379,4.84249278942243,194.393736,190.691172,189.417372,archive\Fungus Damange\Fungus Damage_68.jpg
Fungus Damage_69.jpg,Fungus Damange,96.33984375,500,500,3,1.0,14.775475984624,200.128172,22.502203801814968,4.351416431523438,202.512384,199.32296,197.699272,archive\Fungus Damange\Fungus Damage_69.jpg
Fungus Damage_70.jpg,Fungus Damange,105.546875,500,500,3,1.0,20.445075998064,202.921572,31.889213177010436,4.631076591054802,205.40636,202.203244,200.228476,archive\Fungus Damange\Fungus Damage_70.jpg
Fungus Damage_71.jpg,Fungus Damange,110.177734375,500,500,3,1.0,29.5659317884,178.19366,49.64374856721035,5.617513348946634,180.945964,177.02134,177.24326,archive\Fungus Damange\Fungus Damage_71.jpg
Fungus Damage_72.jpg,Fungus Damange,113.0625,500,500,3,1.0,32.974475795695994,184.764488,48.78031945465155,5.669876665005292,187.970576,183.74252,181.70284,archive\Fungus Damange\Fungus Damage_72.jpg
Fungus Damage_73.jpg,Fungus Damange,113.76953125,500,500,3,1.0,30.676851999984,195.763664,34.525940179741724,5.042972345029843,199.231696,194.699232,192.074792,archive\Fungus Damange\Fungus Damage_73.jpg
Fungus Damage_74.jpg,Fungus Damange,101.1767578125,500,500,3,1.0,22.418783995903997,198.363196,27.80190750048608,4.071784366339783,201.3044,197.468688,194.945912,archive\Fungus Damange\Fungus Damage_74.jpg
Fungus Damage_75.jpg,Fungus Damange,96.3349609375,500,500,3,1.0,12.627527987456002,188.601952,23.042860711936267,5.141286491725306,192.275404,187.436628,185.018384,archive\Fungus Damange\Fungus Damage_75.jpg
Husk_01.jpg,Husk,113.3505859375,500,500,3,1.0,47.310607385344,170.114992,53.91214988145006,5.6839857120868125,174.150804,168.361416,168.782488,archive\Husk\Husk_01.jpg
Husk_02.jpg,Husk,121.419921875,500,500,3,1.0,68.26277163518401,166.963736,51.53716473499783,5.629518774295731,171.274932,165.187132,164.96278,archive\Husk\Husk_02.jpg
Husk_03.jpg,Husk,116.9677734375,500,500,3,1.0,58.302823777216005,172.810104,51.35229010968434,5.571385930531368,177.075296,171.006096,171.112056,archive\Husk\Husk_03.jpg
Husk_04.jpg,Husk,116.046875,500,500,3,1.0,40.408887813376,147.658192,58.2709075893892,6.504189043955811,155.816772,144.750644,141.43894,archive\Husk\Husk_04.jpg
Husk_05.jpg,Husk,110.3017578125,500,500,3,1.0,54.92352396759999,163.724516,45.23986119083197,5.851349159329439,167.445444,161.990812,163.113328,archive\Husk\Husk_05.jpg
Husk_06.jpg,Husk,104.8193359375,500,500,3,1.0,32.3355479996,184.017224,31.719685612152965,4.872383150662556,187.326032,182.629856,182.551304,archive\Husk\Husk_06.jpg
Husk_07.jpg,Husk,118.2001953125,500,500,3,1.0,47.082383870399994,165.602044,57.17606753723155,5.518513871161704,172.27268,163.0884,161.090168,archive\Husk\Husk_07.jpg
Husk_08.jpg,Husk,108.3330078125,500,500,3,1.0,36.55333999959999,176.344452,45.252510878620825,5.1292063091389375,179.952896,174.787696,174.807468,archive\Husk\Husk_08.jpg
Husk_09.jpg,Husk,104.966796875,500,500,3,1.0,29.188771998704002,172.395484,47.983896011117565,4.8158645955059365,176.78466,170.448708,170.959108,archive\Husk\Husk_09.jpg
Husk_10.jpg,Husk,102.35546875,500,500,3,1.0,24.4493639964,159.750944,48.431671818231344,5.626308386912385,165.289592,157.42566,157.389324,archive\Husk\Husk_10.jpg
Husk_11.jpg,Husk,124.783203125,500,500,3,1.0,56.843063987456,172.104748,60.99123491007946,6.195338620497965,179.313768,169.70148,165.738952,archive\Husk\Husk_11.jpg
Husk_12.jpg,Husk,109.6044921875,500,500,3,1.0,29.785295833536,188.85778,52.308793462204804,5.246360680768117,193.028768,187.137536,186.998124,archive\Husk\Husk_12.jpg
Husk_13.jpg,Husk,126.1474609375,500,500,3,1.0,64.068247981504,144.490772,58.13886014400365,6.488975917749253,152.9105,141.593416,137.515336,archive\Husk\Husk_13.jpg
Husk_14.jpg,Husk,104.59375,500,500,3,1.0,33.051166967744,194.669792,48.06814756860031,4.538038988278883,196.85944,193.41324,195.593464,archive\Husk\Husk_14.jpg
Husk_15.jpg,Husk,98.90234375,500,500,3,1.0,18.293735704063998,202.751696,22.35918068989971,3.841902716808262,204.513064,201.694616,203.86934,archive\Husk\Husk_15.jpg
Husk_16.jpg,Husk,117.359375,500,500,3,1.0,42.81789591705599,179.252532,56.667120339655305,5.265447338563402,185.225608,177.044992,175.043744,archive\Husk\Husk_16.jpg
Husk_17.jpg,Husk,119.3623046875,500,500,3,1.0,43.98656799897601,169.09708,64.71482945564796,5.967421149282641,175.386856,166.806428,164.479692,archive\Husk\Husk_17.jpg
Husk_18.jpg,Husk,110.951171875,500,500,3,1.0,34.639331996399996,175.781708,54.30396973152825,5.646906070769395,181.456908,173.757048,171.253104,archive\Husk\Husk_18.jpg
Husk_19.jpg,Husk,131.740234375,500,500,3,1.0,72.90192391,154.786932,60.737578071794864,6.4934813525439585,162.906592,152.014804,147.788184,archive\Husk\Husk_19.jpg
Husk_20.jpg,Husk,118.736328125,500,500,3,1.0,41.0012359516,176.849252,57.40344316363345,6.008359824218716,184.292716,174.289116,170.657656,archive\Husk\Husk_20.jpg
Husk_21.jpg,Husk,113.251953125,500,500,3,1.0,37.9021319516,186.335552,50.70103964274595,5.28842087746473,190.838532,184.501152,184.162396,archive\Husk\Husk_21.jpg
Husk_22.jpg,Husk,104.2041015625,500,500,3,1.0,28.230167422399997,188.02846,47.42381656961405,4.91639605656573,190.150676,186.78626,189.109512,archive\Husk\Husk_22.jpg
Husk_23.jpg,Husk,99.4189453125,500,500,3,1.0,19.660263917056003,195.603736,22.548973698204183,4.555544999804178,197.269728,194.568316,196.858084,archive\Husk\Husk_23.jpg
Husk_24.jpg,Husk,113.013671875,500,500,3,1.0,60.903415966143996,163.157792,42.83495644546328,5.816175758175604,167.713988,161.21996,161.379024,archive\Husk\Husk_24.jpg
Husk_25.jpg,Husk,125.2451171875,500,500,3,1.0,66.273586736624,181.179504,49.831973293398526,5.270629417586204,187.290256,178.976908,176.50958,archive\Husk\Husk_25.jpg
Husk_26.jpg,Husk,120.5615234375,500,500,3,1.0,49.4252513276,170.808904,64.0567065834545,5.697164696968854,177.211764,168.45754,166.11692,archive\Husk\Husk_26.jpg
Husk_27.jpg,Husk,113.234375,500,500,3,1.0,41.311787940464,175.617452,54.466989021128164,5.613710383227695,181.68612,173.439464,170.823936,archive\Husk\Husk_27.jpg
Husk_28.jpg,Husk,132.169921875,500,500,3,1.0,85.379555973104,152.107952,61.17106134738628,6.341463449640393,160.277588,149.324172,145.007744,archive\Husk\Husk_28.jpg
Husk_29.jpg,Husk,112.5234375,500,500,3,1.0,32.035851984623996,155.92896,52.5800212373331,6.1133506146140375,162.761012,153.363636,151.36798,archive\Husk\Husk_29.jpg
Husk_30.jpg,Husk,105.873046875,500,500,3,1.0,40.700447580096,198.65916,42.14997874370045,4.719320265014962,202.551316,197.171368,196.431532,archive\Husk\Husk_30.jpg
Husk_31.jpg,Husk,126.88671875,500,500,3,1.0,77.525607966144,179.805136,57.68951755753816,5.784228550446168,187.191252,177.366024,173.182696,archive\Husk\Husk_31.jpg
Husk_32.jpg,Husk,109.5263671875,500,500,3,1.0,38.705959953344,186.501172,50.78835888888729,5.521224665468992,192.074376,184.533968,182.239496,archive\Husk\Husk_32.jpg
Husk_33.jpg,Husk,115.7373046875,500,500,3,1.0,45.111223912384006,180.468268,53.46891194965703,5.550831188525544,186.47518,178.194744,176.615568,archive\Husk\Husk_33.jpg
Husk_34.jpg,Husk,123.9375,500,500,3,1.0,71.73379999481601,183.445712,53.1765271977501,5.6317995073782745,189.555212,181.411316,177.781228,archive\Husk\Husk_34.jpg
Husk_35.jpg,Husk,106.7568359375,500,500,3,1.0,34.039811830256,179.148876,32.12515089360085,4.712478662465771,182.428108,177.783056,177.64538,archive\Husk\Husk_35.jpg
Husk_36.jpg,Husk,115.1748046875,500,500,3,1.0,47.82129596614399,185.444484,56.67151268471439,5.316608139347131,190.634692,183.57366,181.50132,archive\Husk\Husk_36.jpg
Husk_37.jpg,Husk,126.4736328125,500,500,3,1.0,69.19353180990399,165.2542,62.96863427421624,6.065380875109822,174.139236,162.4075,156.459404,archive\Husk\Husk_37.jpg
Husk_38.jpg,Husk,122.23828125,500,500,3,1.0,62.53199520433599,175.519536,55.734175461243744,5.704046563250419,182.906156,173.0302,168.877016,archive\Husk\Husk_38.jpg
Husk_39.jpg,Husk,107.55078125,500,500,3,1.0,32.549375971776,173.550876,53.11121195785899,5.616450481410682,179.005376,171.291796,171.009724,archive\Husk\Husk_39.jpg
Husk_40.jpg,Husk,99.3212890625,500,500,3,1.0,26.090247902656003,202.33304,42.0944920430025,4.434216086765759,205.916892,200.97778,200.209476,archive\Husk\Husk_40.jpg
Husk_41.jpg,Husk,119.8349609375,500,500,3,1.0,98.19904799942401,190.517412,53.21744677098157,5.1411446291978855,194.033168,189.073284,188.959748,archive\Husk\Husk_41.jpg
Husk_42.jpg,Husk,108.4443359375,500,500,3,1.0,41.697671870399994,194.479416,42.53654673688197,4.998477401527489,198.682172,192.8094,192.306108,archive\Husk\Husk_42.jpg
Husk_43.jpg,Husk,112.6015625,500,500,3,1.0,43.940381665216,186.748808,49.77059757104727,4.912803686723779,190.96012,184.8727,185.59628,archive\Husk\Husk_43.jpg
Husk_44.jpg,Husk,119.5068359375,500,500,3,1.0,98.13833984945602,193.14876,44.817656503463006,5.177655605090725,196.828212,191.736456,190.7584,archive\Husk\Husk_44.jpg
Husk_45.jpg,Husk,110.1455078125,500,500,3,1.0,46.337671777216,198.115752,39.9941541912627,4.714773468336467,201.962304,196.743332,195.239336,archive\Husk\Husk_45.jpg
Husk_46.jpg,Husk,121.7734375,500,500,3,1.0,59.040851984624,156.01478,58.76050681836909,6.008665612714565,163.263596,153.4264,150.436072,archive\Husk\Husk_46.jpg
Husk_47.jpg,Husk,113.046875,500,500,3,1.0,45.5287038064,178.928044,57.07246126052445,5.4758551329646705,184.174768,177.016416,174.890852,archive\Husk\Husk_47.jpg
Husk_48.jpg,Husk,107.521484375,500,500,3,1.0,33.965447953344004,186.53216,48.17711504162946,4.894693419852521,191.156948,184.696184,183.761436,archive\Husk\Husk_48.jpg
Husk_49.jpg,Husk,102.14453125,500,500,3,1.0,30.649851991536,178.064524,53.141713490001656,5.218831209812692,182.048396,176.198484,177.407092,archive\Husk\Husk_49.jpg
Husk_50.jpg,Husk,104.6494140625,500,500,3,1.0,28.404107914736002,161.520328,47.06163689006595,5.648915725955547,165.985556,159.791244,158.5758,archive\Husk\Husk_50.jpg
Husk_51.jpg,Husk,102.626953125,500,500,3,1.0,26.896895963136004,161.945224,45.31425611868547,5.210093384598333,166.754736,160.053356,159.131192,archive\Husk\Husk_51.jpg
Husk_52.jpg,Husk,102.625,500,500,3,1.0,24.157203973104,149.74094,47.66938761843286,5.963016643509329,155.148948,147.569004,146.888992,archive\Husk\Husk_52.jpg
Husk_53.jpg,Husk,112.748046875,500,500,3,1.0,50.827967966143994,177.297388,53.72124782967588,5.096463938054096,181.182596,175.517324,176.521668,archive\Husk\Husk_53.jpg
Immature_01.jpg,Immature,104.0341796875,500,500,3,1.0,19.550567826944,206.041316,23.941023891808467,4.341856218933782,208.680572,205.2045,203.395796,archive\Immature\Immature_01.jpg
Immature_02.jpg,Immature,108.1962890625,500,500,3,1.0,24.177123553776003,201.871948,22.928063997758205,4.507382845092889,205.117904,200.80648,198.878816,archive\Immature\Immature_02.jpg
Immature_03.jpg,Immature,110.8466796875,500,500,3,1.0,22.402823917056,188.370488,27.250155864542425,5.42403834941975,192.177728,187.1286,184.981568,archive\Immature\Immature_03.jpg
Immature_04.jpg,Immature,103.896484375,500,500,3,1.0,17.4630597084,197.690228,23.272317746799867,4.447607481147019,200.537996,196.779748,194.750488,archive\Immature\Immature_04.jpg
Immature_05.jpg,Immature,102.3193359375,500,500,3,1.0,19.385241349616,204.369888,21.588108737623497,4.126645631084809,206.662616,203.486536,202.9988,archive\Immature\Immature_05.jpg
Immature_06.jpg,Immature,103.5009765625,500,500,3,1.0,16.486759956735998,193.340228,21.32515793395247,4.779936804005738,196.648916,192.117508,191.079516,archive\Immature\Immature_06.jpg
Immature_07.jpg,Immature,112.5087890625,500,500,3,1.0,32.958987553776005,202.331188,24.350643821235117,4.63661866827469,205.741172,201.461044,197.774808,archive\Immature\Immature_07.jpg
Immature_08.jpg,Immature,100.6240234375,500,500,3,1.0,14.053334884863999,203.511664,17.498198763047125,4.214257381120883,206.005932,202.559424,201.865888,archive\Immature\Immature_08.jpg
Immature_09.jpg,Immature,103.59765625,500,500,3,1.0,20.766283998064,206.979564,18.796515910399563,4.162598517378618,209.785188,206.150732,203.605636,archive\Immature\Immature_09.jpg
Immature_10.jpg,Immature,99.8896484375,500,500,3,1.0,13.535415712704,203.811364,17.646816723123298,4.369371501110341,206.810316,202.905884,200.547224,archive\Immature\Immature_10.jpg
Immature_11.jpg,Immature,104.8125,500,500,3,1.0,22.822790599023996,198.767024,21.174352461962656,4.734025065051684,202.011084,197.75172,195.523952,archive\Immature\Immature_11.jpg
Immature_12.jpg,Immature,104.0341796875,500,500,3,1.0,19.550567826944,206.041316,23.941023891808467,4.341856218933782,208.680572,205.2045,203.395796,archive\Immature\Immature_12.jpg
Immature_13.jpg,Immature,109.166015625,500,500,3,1.0,33.355491809903995,206.270416,20.90088790427201,4.400969877754999,208.537516,205.449424,204.694768,archive\Immature\Immature_13.jpg
Immature_14.jpg,Immature,104.6669921875,500,500,3,1.0,15.402419991536,204.661548,18.21785075808055,4.587458291278505,207.275276,203.722936,202.637164,archive\Immature\Immature_14.jpg
Immature_15.jpg,Immature,87.984375,500,500,3,1.0,7.682107809904,208.973308,16.607481312262134,4.045209677661502,210.353856,208.330972,208.940948,archive\Immature\Immature_15.jpg
Immature_16.jpg,Immature,99.794921875,500,500,3,1.0,15.085131914736,209.504036,21.861346703959114,4.376929758101273,212.398856,208.693448,205.807584,archive\Immature\Immature_16.jpg
Immature_17.jpg,Immature,100.689453125,500,500,3,1.0,13.724447630336002,206.7106,17.81447028794289,4.10426707435343,209.856768,205.865716,202.66836,archive\Immature\Immature_17.jpg
Immature_18.jpg,Immature,109.177734375,500,500,3,1.0,25.02874759,201.680584,23.210197186127996,4.5483890577291195,205.159104,200.677384,197.697648,archive\Immature\Immature_18.jpg
Immature_19.jpg,Immature,97.7158203125,500,500,3,1.0,17.453807999424,211.729568,19.781427110635267,3.812808383933408,214.026896,211.029384,209.26008,archive\Immature\Immature_19.jpg
Immature_20.jpg,Immature,102.2548828125,500,500,3,1.0,19.027579366384,206.970316,20.365391890659605,4.252683934725038,209.651324,206.187812,203.706456,archive\Immature\Immature_20.jpg
Immature_21.jpg,Immature,99.8349609375,500,500,3,1.0,14.364795861616,207.796252,19.06976315407446,4.05649403294157,209.989896,207.2391,204.712488,archive\Immature\Immature_21.jpg
Immature_22.jpg,Immature,106.9970703125,500,500,3,1.0,20.848503620544,202.3776,20.997471710660786,4.319803593585563,204.906524,201.67476,199.120308,archive\Immature\Immature_22.jpg
Immature_23.jpg,Immature,107.2470703125,500,500,3,1.0,24.812511792064,204.881584,19.89779529623682,3.9496161149662807,207.660616,203.975348,202.083816,archive\Immature\Immature_23.jpg
Immature_24.jpg,Immature,104.7138671875,500,500,3,1.0,26.066251928176,204.931916,25.726363609514344,4.620647102468699,207.893332,204.119616,201.177504,archive\Immature\Immature_24.jpg
Immature_25.jpg,Immature,112.5087890625,500,500,3,1.0,32.958987553776005,202.331188,24.350643821235117,4.63661866827469,205.741172,201.461044,197.774808,archive\Immature\Immature_25.jpg
Immature_26.jpg,Immature,102.3193359375,500,500,3,1.0,19.385241349616,204.369888,21.588108737623497,4.126645631084809,206.662616,203.486536,202.9988,archive\Immature\Immature_26.jpg
Immature_27.jpg,Immature,100.6240234375,500,500,3,1.0,14.053334884863999,203.511664,17.498198763047125,4.214257381120883,206.005932,202.559424,201.865888,archive\Immature\Immature_27.jpg
Immature_28.jpg,Immature,103.59765625,500,500,3,1.0,20.766283998064,206.979564,18.796515910399563,4.162598517378618,209.785188,206.150732,203.605636,archive\Immature\Immature_28.jpg
Immature_29.jpg,Immature,99.8896484375,500,500,3,1.0,13.535415712704,203.811364,17.646816723123298,4.369371501110341,206.810316,202.905884,200.547224,archive\Immature\Immature_29.jpg
Immature_30.jpg,Immature,104.8125,500,500,3,1.0,22.822790599023996,198.767024,21.174352461962656,4.734025065051684,202.011084,197.75172,195.523952,archive\Immature\Immature_30.jpg
Immature_31.jpg,Immature,109.166015625,500,500,3,1.0,33.355491809903995,206.270416,20.90088790427201,4.400969877754999,208.537516,205.449424,204.694768,archive\Immature\Immature_31.jpg
Immature_32.jpg,Immature,106.3134765625,500,500,3,1.0,23.812907970416003,198.430448,21.480709544130427,4.20508206300706,201.806328,197.313336,195.333724,archive\Immature\Immature_32.jpg
Immature_33.jpg,Immature,99.1943359375,500,500,3,1.0,12.0837718236,205.48014,16.145173321472893,3.8653260783698005,207.215988,204.629012,205.505172,archive\Immature\Immature_33.jpg
Immature_34.jpg,Immature,104.6669921875,500,500,3,1.0,15.402419991536,204.661548,18.21785075808055,4.587458291278505,207.275276,203.722936,202.637164,archive\Immature\Immature_34.jpg
Immature_35.jpg,Immature,99.794921875,500,500,3,1.0,15.085131914736,209.504036,21.861346703959114,4.376929758101273,212.398856,208.693448,205.807584,archive\Immature\Immature_35.jpg
Immature_36.jpg,Immature,100.689453125,500,500,3,1.0,13.724447630336002,206.7106,17.81447028794289,4.10426707435343,209.856768,205.865716,202.66836,archive\Immature\Immature_36.jpg
Immature_37.jpg,Immature,109.177734375,500,500,3,1.0,25.02874759,201.680584,23.210197186127996,4.5483890577291195,205.159104,200.677384,197.697648,archive\Immature\Immature_37.jpg
Immature_38.jpg,Immature,110.3818359375,500,500,3,1.0,25.859019948015998,197.565172,24.206021081756,4.999956382837157,200.842396,196.407864,195.076872,archive\Immature\Immature_38.jpg
Immature_39.jpg,Immature,100.2626953125,500,500,3,1.0,19.798831981504,210.340388,18.44580656977233,3.9100909131634736,212.457212,209.558808,208.714784,archive\Immature\Immature_39.jpg
Immature_40.jpg,Immature,105.22265625,500,500,3,1.0,25.588951704063998,205.939716,19.58395000604689,4.144777837737868,208.367904,205.08676,204.102268,archive\Immature\Immature_40.jpg
Immature_41.jpg,Immature,106.2041015625,500,500,3,1.0,22.630983729599997,204.795744,23.54452155993967,4.540658435442469,207.761604,203.837504,201.821296,archive\Immature\Immature_41.jpg
Immature_42.jpg,Immature,109.4619140625,500,500,3,1.0,28.783935989184,203.734564,20.222582123208305,4.266781117385202,207.031284,202.777704,199.930256,archive\Immature\Immature_42.jpg
Immature_43.jpg,Immature,108.7255859375,500,500,3,1.0,27.052175976896,199.245836,22.221070736152747,4.431949779552237,203.003276,198.221696,194.697416,archive\Immature\Immature_43.jpg
Immature_44.jpg,Immature,105.14453125,500,500,3,1.0,18.778247996864,201.680532,19.137031331870052,4.080884778223084,204.36842,200.776964,199.152396,archive\Immature\Immature_44.jpg
Immature_45.jpg,Immature,100.263671875,500,500,3,1.0,26.980423934464,218.541028,24.515953758791763,5.019395556930242,223.23752,217.584232,210.721064,archive\Immature\Immature_45.jpg
Immature_46.jpg,Immature,90.361328125,500,500,3,1.0,18.8302119516,223.598784,21.83296319149886,4.429914932503462,226.892112,222.617,219.702672,archive\Immature\Immature_46.jpg
Immature_47.jpg,Immature,88.0205078125,500,500,3,1.0,16.030983658944,216.978944,22.400863122765248,4.295697436608858,220.219252,215.86142,214.07082,archive\Immature\Immature_47.jpg
Immature_48.jpg,Immature,90.2294921875,500,500,3,1.0,21.0129399996,212.039936,22.940515886001865,4.707814810724817,216.123064,210.700708,208.565136,archive\Immature\Immature_48.jpg
Immature_49.jpg,Immature,94.80078125,500,500,3,1.0,22.477531795696,215.980828,22.845850836298833,4.77335415799441,220.303704,214.886816,210.631592,archive\Immature\Immature_49.jpg
Immature_50.jpg,Immature,93.177734375,500,500,3,1.0,26.378127998400004,209.56734,23.90615086801721,5.06018996193405,214.74042,208.413668,202.622972,archive\Immature\Immature_50.jpg
Immature_51.jpg,Immature,93.7099609375,500,500,3,1.0,17.637679989184,219.995508,25.11024985582453,4.896594557973434,224.222748,219.054648,213.268872,archive\Immature\Immature_51.jpg
Immature_52.jpg,Immature,89.2431640625,500,500,3,1.0,21.349995873264,221.059232,20.01457617763054,4.568171452234815,224.611024,219.895016,217.45678,archive\Immature\Immature_52.jpg
Immature_53.jpg,Immature,88.2421875,500,500,3,1.0,17.825167902656,221.882268,16.00352783532981,4.198529242561114,224.590056,220.884556,219.802236,archive\Immature\Immature_53.jpg
Immature_54.jpg,Immature,88.8056640625,500,500,3,1.0,14.408070540736,220.346548,18.069310238182755,4.503469003273275,224.512004,219.305396,215.221552,archive\Immature\Immature_54.jpg
Immature_55.jpg,Immature,89.001953125,500,500,3,1.0,21.919803986544,219.220948,18.49677793512416,4.355767556469232,223.546284,218.245288,213.21548,archive\Immature\Immature_55.jpg
Immature_56.jpg,Immature,85.9921875,500,500,3,1.0,16.022263640000002,216.499548,18.14783666985396,4.581372411700982,220.80998,215.424044,211.390792,archive\Immature\Immature_56.jpg
Immature_57.jpg,Immature,89.400390625,500,500,3,1.0,26.673795936495996,211.574664,19.8245563200568,4.656509662892348,216.2501,210.240148,207.121164,archive\Immature\Immature_57.jpg
Immature_58.jpg,Immature,90.1181640625,500,500,3,1.0,21.362367897600002,212.739392,17.78501311414574,4.502732507820568,216.1008,211.550968,210.014168,archive\Immature\Immature_58.jpg
Immature_59.jpg,Immature,85.009765625,500,500,3,1.0,18.8633239804,215.721276,16.20420405116598,4.407315724829978,217.950148,214.699052,214.654776,archive\Immature\Immature_59.jpg
Immature_60.jpg,Immature,86.8125,500,500,3,1.0,13.422399321024,220.224584,16.396119846687633,3.980460179403212,223.07566,219.32934,216.560504,archive\Immature\Immature_60.jpg
Immature_61.jpg,Immature,92.2265625,500,500,3,1.0,22.173359813376003,217.169832,24.059086372756884,4.2919427728737265,220.41388,216.293576,212.228,archive\Immature\Immature_61.jpg
Immature_62.jpg,Immature,91.9677734375,500,500,3,1.0,18.798819936496002,218.414544,25.919042445122543,4.503836082069715,221.597732,217.626332,213.30276,archive\Immature\Immature_62.jpg
Immature_63.jpg,Immature,88.8623046875,500,500,3,1.0,14.795847983616,220.44436,19.83153751453477,4.400584529568699,223.34648,219.637236,216.31594,archive\Immature\Immature_63.jpg
Immature_64.jpg,Immature,84.78515625,500,500,3,1.0,17.139183989183998,219.1584,15.78552290676492,4.2976358436923245,221.094696,218.32632,218.077228,archive\Immature\Immature_64.jpg
Immature_65.jpg,Immature,88.7490234375,500,500,3,1.0,15.299207946176,215.989284,25.814975056492774,4.553812117132123,219.164836,215.179096,211.105332,archive\Immature\Immature_65.jpg
Immature_66.jpg,Immature,87.2568359375,500,500,3,1.0,13.259695998400002,217.7598,19.710977651045116,4.331734486377725,220.768208,216.880668,213.653428,archive\Immature\Immature_66.jpg
Immature_67.jpg,Immature,84.3505859375,500,500,3,1.0,16.081247858624,216.328076,15.771799711454111,4.301240697067772,218.319388,215.450188,215.448108,archive\Immature\Immature_67.jpg
Immature_68.jpg,Immature,85.0966796875,500,500,3,1.0,17.578603809904003,213.235964,16.310657037369893,4.452170295400368,215.545776,212.171644,212.293144,archive\Immature\Immature_68.jpg
Immature_69.jpg,Immature,84.6064453125,500,500,3,1.0,11.636851654256,217.743568,16.446455746736923,3.9748557459898564,220.722376,216.811032,214.123372,archive\Immature\Immature_69.jpg
Immature_70.jpg,Immature,96.505859375,500,500,3,1.0,23.926979878896,216.114796,25.927490157714534,4.727074988651866,220.925932,215.043984,209.29024,archive\Immature\Immature_70.jpg
Immature_71.jpg,Immature,84.130859375,500,500,3,1.0,14.3550597084,212.41358,20.5183666889838,4.360603217643367,216.078744,211.367424,208.368676,archive\Immature\Immature_71.jpg
Immature_72.jpg,Immature,88.4072265625,500,500,3,1.0,15.062983658943999,224.859236,18.07357378871993,4.300031878192011,227.443308,224.091912,221.454056,archive\Immature\Immature_72.jpg
Immature_73.jpg,Immature,91.044921875,500,500,3,1.0,18.025499861616,222.861396,20.983831702794035,4.439417367928067,225.966944,221.932028,218.802332,archive\Immature\Immature_73.jpg
Immature_74.jpg,Immature,97.173828125,500,500,3,1.0,27.828039267264,219.049032,22.395253869134326,4.418834358224231,222.46944,218.126176,214.30932,archive\Immature\Immature_74.jpg
Immature_75.jpg,Immature,85.7294921875,500,500,3,1.0,15.619111956736,218.85674,19.85049300577696,4.191537076597694,222.13888,218.082404,213.940012,archive\Immature\Immature_75.jpg
Immature_76.jpg,Immature,91.2021484375,500,500,3,1.0,20.816099773424,220.37444,22.216123754750736,4.110662461888338,223.619116,219.502328,216.020964,archive\Immature\Immature_76.jpg
Immature_77.jpg,Immature,94.5234375,500,500,3,1.0,26.243971204336,216.555968,21.415269402530896,4.454798910856109,221.039132,215.536448,210.234952,archive\Immature\Immature_77.jpg
Immature_78.jpg,Immature,86.689453125,500,500,3,1.0,16.816407917056,219.81566,21.91541682844294,3.9731674656918354,223.550356,219.013204,214.253492,archive\Immature\Immature_78.jpg
Parchment_01.jpg,Parchment,117.298828125,500,500,3,1.0,19.919187999856003,194.002284,27.943173598990935,5.764513725205595,207.960928,191.818452,168.643672,archive\Parchment\Parchment_01.jpg
Parchment_02.jpg,Parchment,107.4404296875,500,500,3,1.0,22.397735907584,206.968744,18.640772276449923,4.433304103458614,212.42006,205.839536,198.644164,archive\Parchment\Parchment_02.jpg
Parchment_03.jpg,Parchment,107.66015625,500,500,3,1.0,16.388723982575996,204.970712,20.262209114828917,4.203308778461687,210.6966,203.699732,196.505904,archive\Parchment\Parchment_03.jpg
Parchment_04.jpg,Parchment,95.4638671875,500,500,3,1.0,9.982627991535999,204.217436,13.773997153546388,4.375999282964145,208.268536,203.3061,198.478912,archive\Parchment\Parchment_04.jpg
Parchment_05.jpg,Parchment,97.8212890625,500,500,3,1.0,11.440091999599998,200.768968,10.320531392083257,4.523603976659552,204.344536,199.817092,196.426976,archive\Parchment\Parchment_05.jpg
Parchment_06.jpg,Parchment,104.0771484375,500,500,3,1.0,12.5700038844,200.260776,15.061123061638664,4.468924416233051,206.034808,199.054356,191.250348,archive\Parchment\Parchment_06.jpg
Parchment_07.jpg,Parchment,102.3544921875,500,500,3,1.0,12.5513039424,203.627948,17.033004118748284,4.12176624377325,208.94906,202.5848,194.952904,archive\Parchment\Parchment_07.jpg
Parchment_08.jpg,Parchment,100.90625,500,500,3,1.0,13.698647990784,202.48102,17.923029424726167,4.229678139000475,207.994548,201.319884,193.80498,archive\Parchment\Parchment_08.jpg
Parchment_09.jpg,Parchment,100.736328125,500,500,3,1.0,11.809403773424,197.585236,17.542433777110404,4.690345125921314,204.155072,196.277368,187.015572,archive\Parchment\Parchment_09.jpg
Parchment_10.jpg,Parchment,93.98828125,500,500,3,1.0,10.341979998704002,196.38426,10.426526375183636,4.669092771718952,200.878944,195.321028,190.083064,archive\Parchment\Parchment_10.jpg
Parchment_11.jpg,Parchment,101.35546875,500,500,3,1.0,12.014571391599999,209.574372,9.072284651928422,3.621553376588603,211.975172,209.036172,206.369044,archive\Parchment\Parchment_11.jpg
Parchment_12.jpg,Parchment,108.9228515625,500,500,3,1.0,15.056207990784,204.367428,17.005632733444997,4.3148810971236715,209.011304,203.275972,198.023624,archive\Parchment\Parchment_12.jpg
Parchment_13.jpg,Parchment,106.171875,500,500,3,1.0,15.944283980400002,202.603224,18.19222803303169,4.833436564810459,207.854368,201.586576,194.259408,archive\Parchment\Parchment_13.jpg
Parchment_14.jpg,Parchment,100.40625,500,500,3,1.0,13.196687446464,201.765056,13.007674400786023,4.248190193593517,204.56736,200.849168,199.294972,archive\Parchment\Parchment_14.jpg
Parchment_15.jpg,Parchment,100.3447265625,500,500,3,1.0,13.764479989184,192.628728,16.886535852625784,4.391641684517501,196.048944,191.211332,191.12868,archive\Parchment\Parchment_15.jpg
Parchment_16.jpg,Parchment,101.6494140625,500,500,3,1.0,11.101903994816,205.101416,8.07477571174234,4.125807372803273,208.55922,204.454752,199.482688,archive\Parchment\Parchment_16.jpg
Parchment_17.jpg,Parchment,100.9130859375,500,500,3,1.0,11.869023493056,206.792196,10.687813504060781,3.5720331285095264,209.606124,206.093256,203.216212,archive\Parchment\Parchment_17.jpg
Parchment_18.jpg,Parchment,93.615234375,500,500,3,1.0,8.617163978096,199.23768,11.994668991581218,3.733065857948499,202.36542,198.339688,195.58844,archive\Parchment\Parchment_18.jpg
Parchment_19.jpg,Parchment,97.884765625,500,500,3,1.0,10.049771975664001,197.685752,9.765158892434675,4.042910832512174,200.768532,196.781968,194.331496,archive\Parchment\Parchment_19.jpg
Parchment_20.jpg,Parchment,86.0,500,500,3,1.0,5.979547999599999,186.389516,8.28761589878199,4.432388742395588,189.537532,185.266164,184.17974,archive\Parchment\Parchment_20.jpg
Parchment_21.jpg,Parchment,84.6533203125,500,500,3,1.0,6.297323978096001,214.164152,7.2040170822185035,2.9760160383776846,216.06716,213.614564,212.312164,archive\Parchment\Parchment_21.jpg
Parchment_22.jpg,Parchment,97.3671875,500,500,3,1.0,10.174195404016,209.882412,13.912799325162998,3.8087914941786067,213.254256,208.922952,206.122316,archive\Parchment\Parchment_22.jpg
Parchment_23.jpg,Parchment,93.1318359375,500,500,3,1.0,9.255559963136001,207.473944,10.435216197322601,3.77443442342693,209.71492,206.625876,206.245704,archive\Parchment\Parchment_23.jpg
Parchment_24.jpg,Parchment,104.025390625,500,500,3,1.0,13.728511677376,200.008128,11.858976934610169,4.734775648183359,203.930004,199.07702,194.658196,archive\Parchment\Parchment_24.jpg
Parchment_25.jpg,Parchment,99.42578125,500,500,3,1.0,13.3133238236,203.738364,12.486795209480453,3.711856464423307,206.38408,202.573404,202.99754,archive\Parchment\Parchment_25.jpg
Parchment_26.jpg,Parchment,96.791015625,500,500,3,1.0,9.875647846336,209.371456,6.143318682932215,3.684096736486324,211.727164,208.68414,206.469212,archive\Parchment\Parchment_26.jpg
Parchment_27.jpg,Parchment,92.998046875,500,500,3,1.0,8.633147961584,211.748272,7.771597069715851,3.2104311424126113,213.882908,211.059128,209.653532,archive\Parchment\Parchment_27.jpg
Parchment_28.jpg,Parchment,95.1025390625,500,500,3,1.0,9.665383999936,207.684652,10.922481752738065,3.4546998486396894,210.547296,206.810764,204.3826,archive\Parchment\Parchment_28.jpg
Parchment_29.jpg,Parchment,98.8994140625,500,500,3,1.0,11.117507970415998,204.636304,8.48226085543141,3.7493296084560583,207.591896,203.65962,201.761216,archive\Parchment\Parchment_29.jpg
Parchment_30.jpg,Parchment,96.423828125,500,500,3,1.0,10.1614918556,199.539308,7.5457950463245425,3.9662287692777753,202.308028,198.453628,197.920328,archive\Parchment\Parchment_30.jpg
Parchment_31.jpg,Parchment,80.2119140625,500,500,3,1.0,8.701763923824,222.655236,16.029294862354487,4.636425026725161,227.712376,221.727908,214.155916,archive\Parchment\Parchment_31.jpg
Parchment_32.jpg,Parchment,81.681640625,500,500,3,1.0,7.473151995904001,225.2428,11.033361779620932,4.429540377608334,230.508084,224.364152,215.56214,archive\Parchment\Parchment_32.jpg
Parchment_33.jpg,Parchment,74.02734375,500,500,3,1.0,6.736032,225.272304,8.202341283535086,4.1217855804966,228.480668,224.476236,220.96512,archive\Parchment\Parchment_33.jpg
Parchment_34.jpg,Parchment,86.8291015625,500,500,3,1.0,17.022299900144,212.395804,25.292153233633233,4.890468525123946,216.663244,211.158436,207.383996,archive\Parchment\Parchment_34.jpg
Parchment_35.jpg,Parchment,109.9296875,500,500,3,1.0,15.629395861615997,202.068904,17.94156838848778,4.610696981516336,208.768408,200.868516,190.596668,archive\Parchment\Parchment_35.jpg
Parchment_36.jpg,Parchment,83.9072265625,500,500,3,1.0,10.838167983616001,216.554212,18.040412774076316,4.865458668735819,221.928972,215.52028,207.552712,archive\Parchment\Parchment_36.jpg
Parchment_37.jpg,Parchment,98.169921875,500,500,3,1.0,23.529183902656,203.829372,41.74525374321752,5.420937343448063,214.104412,201.04912,190.800828,archive\Parchment\Parchment_37.jpg
Parchment_38.jpg,Parchment,96.2421875,500,500,3,1.0,27.444539923824003,200.359512,44.072795499285675,5.098732828179808,211.196032,197.495564,186.5076,archive\Parchment\Parchment_38.jpg
Parchment_39.jpg,Parchment,77.2333984375,500,500,3,1.0,7.564427978096,217.685868,11.968898574496151,4.051535794624076,223.6981,216.55946,207.801832,archive\Parchment\Parchment_39.jpg
Parchment_40.jpg,Parchment,73.4599609375,500,500,3,1.0,7.303443995376,217.919744,6.8179292292061815,3.7890933605749155,221.527388,216.833128,213.757872,archive\Parchment\Parchment_40.jpg
Parchment_41.jpg,Parchment,80.8466796875,500,500,3,1.0,9.759691873264,229.696956,14.234695934022055,3.5880431428925283,233.824384,228.754984,223.47826,archive\Parchment\Parchment_41.jpg
Parchment_42.jpg,Parchment,81.9501953125,500,500,3,1.0,9.630587928176,231.347912,8.885789848981124,3.9345874463804993,235.539592,230.4151,224.898004,archive\Parchment\Parchment_42.jpg
Parchment_43.jpg,Parchment,76.0869140625,500,500,3,1.0,7.7313839600000005,230.127704,6.93943713051599,3.780932832421635,232.996068,229.217676,227.190932,archive\Parchment\Parchment_43.jpg
Parchment_44.jpg,Parchment,80.767578125,500,500,3,1.0,11.2803039936,219.665816,25.37045985105796,4.543995954788325,223.843312,218.353548,215.4066,archive\Parchment\Parchment_44.jpg
Parchment_45.jpg,Parchment,80.4384765625,500,500,3,1.0,8.666055995904001,226.83248,12.903244903883673,4.101608561059883,231.278648,225.86434,219.628432,archive\Parchment\Parchment_45.jpg
Parchment_46.jpg,Parchment,104.669921875,500,500,3,1.0,16.030523978095996,204.045748,13.913963602097569,4.428866509663358,208.627496,203.12692,196.726816,archive\Parchment\Parchment_46.jpg
Parchment_47.jpg,Parchment,99.369140625,500,500,3,1.0,33.511339995376005,215.745484,37.079563017998794,4.752245957098083,224.255704,213.444772,204.712128,archive\Parchment\Parchment_47.jpg
Parchment_48.jpg,Parchment,97.8818359375,500,500,3,1.0,35.313195999216,210.089672,43.33874154763168,4.590830510687222,219.166476,207.245532,200.652332,archive\Parchment\Parchment_48.jpg
Parchment_49.jpg,Parchment,81.296875,500,500,3,1.0,9.219231777216,225.876604,10.626433899817192,3.6858015082836086,231.171448,224.743092,217.94812,archive\Parchment\Parchment_49.jpg
Parchment_50.jpg,Parchment,75.31640625,500,500,3,1.0,7.702911917055999,225.468632,5.496220524012478,3.7394575689424108,229.059888,224.261024,222.347636,archive\Parchment\Parchment_50.jpg
Parchment_51.jpg,Parchment,105.25390625,500,500,3,1.0,15.173751446463998,195.1167,19.917821394670653,4.568002082362425,201.169732,193.868668,185.484748,archive\Parchment\Parchment_51.jpg
Parchment_52.jpg,Parchment,101.3779296875,500,500,3,1.0,11.661335864576001,194.610932,14.850978893371844,4.9286589733464705,200.43224,193.466304,185.131892,archive\Parchment\Parchment_52.jpg
Parchment_53.jpg,Parchment,96.833984375,500,500,3,1.0,10.313139510000001,186.562076,13.564270808643714,5.197108946530917,192.4323,185.462168,176.90014,archive\Parchment\Parchment_53.jpg
Parchment_54.jpg,Parchment,106.5439453125,500,500,3,1.0,15.200755999984,201.87528,21.137356620959018,5.134194043057388,211.309076,200.406748,184.728716,archive\Parchment\Parchment_54.jpg
Partial Black_01.jpg,Partial Black,17.990234375,500,500,3,1.0,5.220587999856,236.781116,31.42025050496167,3.1190504900749194,238.651488,236.308464,235.408532,archive\Partial Black\Partial Black_01.jpg
Partial Black_02.jpg,Partial Black,102.69140625,500,500,3,1.0,32.714051988335996,205.161416,30.267922308525637,4.75705499288503,208.251752,204.0952,202.421804,archive\Partial Black\Partial Black_02.jpg
Partial Black_03.jpg,Partial Black,99.712890625,500,500,3,1.0,20.286571919344002,204.853184,32.98713344718126,4.414743614528572,206.988672,203.985568,203.323052,archive\Partial Black\Partial Black_03.jpg
Partial Black_04.jpg,Partial Black,21.30078125,500,500,3,1.0,6.799351995904001,228.199104,40.07944697219741,4.278517399387526,231.34016,227.482452,224.992652,archive\Partial Black\Partial Black_04.jpg
Partial Black_05.jpg,Partial Black,21.1171875,500,500,3,1.0,10.293575996863998,233.42878,30.47318926058774,4.030550163759437,236.670916,232.758968,229.66436,archive\Partial Black\Partial Black_05.jpg
Partial Black_06.jpg,Partial Black,108.3115234375,500,500,3,1.0,47.517267961584,200.236764,29.151064797161425,4.678934836613184,202.858036,199.347788,197.631844,archive\Partial Black\Partial Black_06.jpg
Partial Black_07.jpg,Partial Black,19.4296875,500,500,3,1.0,11.784491998703999,236.988184,26.648562820199967,3.320172513571091,238.623172,236.53402,235.801524,archive\Partial Black\Partial Black_07.jpg
Partial Black_08.jpg,Partial Black,20.40234375,500,500,3,1.0,12.177283996399998,235.482656,31.989710895624924,3.4902885915118365,237.086584,234.991068,234.028504,archive\Partial Black\Partial Black_08.jpg
Partial Black_09.jpg,Partial Black,20.9951171875,500,500,3,1.0,15.122871987456001,234.022912,32.89234651161659,3.6558516856848495,236.540616,233.449344,231.0719,archive\Partial Black\Partial Black_09.jpg
Partial Black_10.jpg,Partial Black,102.7685546875,500,500,3,1.0,27.699739919344,196.208244,33.62593746554086,4.354500217116192,199.419152,194.931408,194.043952,archive\Partial Black\Partial Black_10.jpg
Partial Black_11.jpg,Partial Black,23.466796875,500,500,3,1.0,17.673955999984,228.781008,39.416223696644714,4.23330285872416,233.023764,227.722788,224.242984,archive\Partial Black\Partial Black_11.jpg
Partial Black_12.jpg,Partial Black,105.59375,500,500,3,1.0,30.348519912384003,200.98968,33.41874512152723,4.511373225944165,204.683628,199.738872,197.251268,archive\Partial Black\Partial Black_12.jpg
Partial Black_13.jpg,Partial Black,107.6650390625,500,500,3,1.0,38.569143446464004,196.999304,34.623179280874595,4.909332487221778,200.375092,195.79418,193.83878,archive\Partial Black\Partial Black_13.jpg
Partial Black_14.jpg,Partial Black,20.8017578125,500,500,3,1.0,7.202011995376,232.197328,35.36622113910979,4.052062318595864,235.334296,231.496228,228.695276,archive\Partial Black\Partial Black_14.jpg
Partial Black_15.jpg,Partial Black,20.2890625,501,501,3,1.0,7.740184301483159,234.89064585400058,29.485784746807294,3.9179985893138327,237.47118537376346,234.4642292261784,231.32827757658336,archive\Partial Black\Partial Black_15.jpg
Partial Black_16.jpg,Partial Black,114.2490234375,500,500,3,1.0,52.110339873264,193.854588,38.22957927247246,4.8753499855969,197.684752,192.499508,190.30656,archive\Partial Black\Partial Black_16.jpg
Partial Black_17.jpg,Partial Black,108.4580078125,500,500,3,1.0,28.195991938496,193.566568,40.44406211919589,5.053671425580956,198.130404,191.948764,189.486752,archive\Partial Black\Partial Black_17.jpg
Partial Black_18.jpg,Partial Black,110.8681640625,500,500,3,1.0,44.204551999424,196.942096,34.87466219373005,4.651567794638728,200.964664,195.538656,193.207736,archive\Partial Black\Partial Black_18.jpg
Partial Black_19.jpg,Partial Black,19.763671875,500,500,3,1.0,7.7222159984,234.769384,29.70635986216662,3.552520256874061,237.720604,234.128756,231.684136,archive\Partial Black\Partial Black_19.jpg
Partial Black_20.jpg,Partial Black,18.44921875,500,500,3,1.0,5.619823999423999,240.413516,25.253838055189632,3.232134683169923,242.127616,240.138964,238.836488,archive\Partial Black\Partial Black_20.jpg
Partial Black_21.jpg,Partial Black,92.4013671875,500,500,3,1.0,26.778083964656002,210.16118,25.474426097708267,3.733879690531121,212.539772,209.2925,208.150012,archive\Partial Black\Partial Black_21.jpg
Partial Black_22.jpg,Partial Black,96.3857421875,500,500,3,1.0,29.458939733744,205.487756,33.08441823705631,4.002134202935774,208.089796,204.4152,203.636032,archive\Partial Black\Partial Black_22.jpg
Partial Black_23.jpg,Partial Black,97.1748046875,500,500,3,1.0,31.480475999215997,203.241364,32.10929017308704,4.06746162443228,205.7632,202.209548,201.342416,archive\Partial Black\Partial Black_23.jpg
Partial Black_24.jpg,Partial Black,96.73828125,500,500,3,1.0,21.048291910000003,201.480332,30.02101925601088,4.119222270240855,204.233884,200.393268,199.141176,archive\Partial Black\Partial Black_24.jpg
Partial Black_25.jpg,Partial Black,113.583984375,500,500,3,1.0,40.306479887104,194.570148,29.738364031299636,5.150654041950763,197.946668,193.641096,190.040312,archive\Partial Black\Partial Black_25.jpg
Partial Black_26.jpg,Partial Black,102.666015625,500,500,3,1.0,39.264815999424,203.34526,31.310585678527318,4.294335701703998,206.453332,202.16764,200.5883,archive\Partial Black\Partial Black_26.jpg
Partial Black_27.jpg,Partial Black,93.724609375,500,500,3,1.0,17.128655926016,201.411576,40.30582535063913,4.101650242777658,203.921716,200.273224,200.143992,archive\Partial Black\Partial Black_27.jpg
Partial Black_28.jpg,Partial Black,100.392578125,500,500,3,1.0,33.604467928176,205.028328,29.213517239874008,3.896246766438085,208.254088,203.807652,202.243896,archive\Partial Black\Partial Black_28.jpg
Partial Black_29.jpg,Partial Black,100.80859375,500,500,3,1.0,33.583259672816,205.016488,29.210083466944354,3.8978471997646595,208.24802,203.792472,202.228672,archive\Partial Black\Partial Black_29.jpg
Partial Black_30.jpg,Partial Black,19.2861328125,500,500,3,1.0,7.5406519615839995,237.024664,32.53869449881332,3.4059782569020562,239.078496,236.522168,235.499312,archive\Partial Black\Partial Black_30.jpg
Partial Black_31.jpg,Partial Black,95.1953125,500,500,3,1.0,15.902147795696,198.61778,31.056836411192943,4.134434987908943,201.69154,197.295452,196.81344,archive\Partial Black\Partial Black_31.jpg
Partial Black_32.jpg,Partial Black,20.9052734375,500,500,3,1.0,12.888823997695997,232.272532,39.36658321862562,3.1812183002406944,234.130576,231.639148,231.481796,archive\Partial Black\Partial Black_32.jpg
Partial Black_33.jpg,Partial Black,21.6767578125,500,500,3,1.0,18.2932479984,232.913584,35.41076124958265,3.495301570914069,236.1128,232.118308,229.63646,archive\Partial Black\Partial Black_33.jpg
Partial Black_34.jpg,Partial Black,21.12109375,500,500,3,1.0,16.558883995376004,233.897964,37.26704679277262,3.3530584906166507,236.43368,233.297952,231.641612,archive\Partial Black\Partial Black_34.jpg
Partial Black_35.jpg,Partial Black,22.421875,500,500,3,1.0,14.508035998704,231.209812,37.590977413797795,3.5390289331840843,234.621824,230.223992,228.183088,archive\Partial Black\Partial Black_35.jpg
Partial Black_36.jpg,Partial Black,109.4296875,500,500,3,1.0,32.178283741936,192.557444,41.47116207905035,5.097056709831558,195.005228,191.754232,189.809468,archive\Partial Black\Partial Black_36.jpg
Partial Black_37.jpg,Partial Black,20.5263671875,500,500,3,1.0,11.338703999744,232.123572,37.21467428261083,3.462863688129392,234.544684,231.5204,229.903996,archive\Partial Black\Partial Black_37.jpg
Partial Black_38.jpg,Partial Black,104.408203125,500,500,3,1.0,26.750487721216,202.135036,30.77331066490416,4.657589878572958,205.51216,200.928224,199.22142,archive\Partial Black\Partial Black_38.jpg
Partial Black_39.jpg,Partial Black,21.2080078125,499,499,3,1.0,13.837896231735595,229.26289051047988,42.83334326372561,3.8575522172492405,231.00328512736897,228.60981682804487,228.6234071349111,archive\Partial Black\Partial Black_39.jpg
Partial Black_40.jpg,Partial Black,19.6953125,500,500,3,1.0,5.848007998976,234.015424,34.44206164125812,3.7496254901807964,236.37786,233.360756,231.778272,archive\Partial Black\Partial Black_40.jpg
Partial Black_41.jpg,Partial Black,20.11328125,500,500,3,1.0,7.6244439996,232.988572,40.45649675145904,3.350685615450131,235.809236,232.153092,231.0342,archive\Partial Black\Partial Black_41.jpg
Partial Black_42.jpg,Partial Black,20.9140625,500,500,3,1.0,8.609795999215997,232.446852,37.243662431212314,4.032009107410442,236.257796,231.569748,228.222316,archive\Partial Black\Partial Black_42.jpg
Partial Black_43.jpg,Partial Black,20.587890625,500,500,3,1.0,4.8184279996,232.055168,31.360482338315144,4.332824262502164,235.60114,231.308876,227.623244,archive\Partial Black\Partial Black_43.jpg
Partial Black_44.jpg,Partial Black,19.439453125,500,500,3,1.0,4.710419998703999,236.494608,28.701714564226577,3.7258624889267384,239.2899,235.902728,233.40068,archive\Partial Black\Partial Black_44.jpg
Partial Black_45.jpg,Partial Black,20.15625,500,500,3,1.0,7.9658599987039995,235.074688,31.99100907603035,3.9418694876602243,237.75234,234.44968,232.490436,archive\Partial Black\Partial Black_45.jpg
Partial Black_46.jpg,Partial Black,20.6376953125,500,500,3,1.0,10.522123988336,234.33598,33.20726464856147,3.950518359751001,236.696044,233.905104,231.46712,archive\Partial Black\Partial Black_46.jpg
Partial Black_47.jpg,Partial Black,108.1669921875,500,500,3,1.0,31.992747605616003,200.629172,29.997299121661204,4.875283657069984,204.616768,199.367392,196.41854,archive\Partial Black\Partial Black_47.jpg
Partial Black_48.jpg,Partial Black,19.4970703125,500,500,3,1.0,5.159499999984,235.539784,29.63722917604384,3.869803589206765,238.765748,234.871968,231.782512,archive\Partial Black\Partial Black_48.jpg
Partial Black_49.jpg,Partial Black,21.8173828125,500,500,3,1.0,12.148435999855998,231.263376,38.979515249456654,3.6847994726894835,234.528108,230.391796,228.31216,archive\Partial Black\Partial Black_49.jpg
Partial Black_50.jpg,Partial Black,22.7666015625,500,500,3,1.0,22.2100079984,232.58164,34.54596183217946,4.202078872247262,235.746544,231.932304,228.800464,archive\Partial Black\Partial Black_50.jpg
Partial Black_51.jpg,Partial Black,116.1416015625,500,500,3,1.0,41.103139635184,193.151184,38.32114632155651,5.168121865841236,197.823156,191.666088,188.223784,archive\Partial Black\Partial Black_51.jpg
Partial Black_52.jpg,Partial Black,23.279296875,500,500,3,1.0,15.790115995376,229.421332,40.521912631880745,3.697027548873371,233.056748,228.453376,226.004128,archive\Partial Black\Partial Black_52.jpg
Partial Black_53.jpg,Partial Black,21.650390625,500,500,3,1.0,18.902991996864,233.974604,32.35255153837459,3.5920113927820783,236.847456,233.349212,230.833244,archive\Partial Black\Partial Black_53.jpg
Partial Black_54.jpg,Partial Black,22.0546875,500,500,3,1.0,14.701807999744,231.374568,33.63736498023256,3.7748742124122905,234.936988,230.555624,227.24686,archive\Partial Black\Partial Black_54.jpg
Partial Black_55.jpg,Partial Black,19.2041015625,500,500,3,1.0,5.579947999983999,236.953788,31.529762518151895,3.593158752709296,239.756088,236.314224,234.375632,archive\Partial Black\Partial Black_55.jpg
Partial Black_56.jpg,Partial Black,19.6083984375,500,500,3,1.0,9.068787999856001,237.147304,34.31733435935233,3.355851989837836,239.214828,236.710944,235.608548,archive\Partial Black\Partial Black_56.jpg
Partial Black_57.jpg,Partial Black,18.8251953125,500,500,3,1.0,7.536255995904001,239.77912,28.80848284838339,3.1528487904613858,242.238044,239.132068,237.811084,archive\Partial Black\Partial Black_57.jpg
Partial Black_58.jpg,Partial Black,18.9248046875,500,500,3,1.0,7.623811999856,239.999216,28.782095951916776,3.0667421055437116,242.31704,239.439908,238.23488,archive\Partial Black\Partial Black_58.jpg
Partial Black_59.jpg,Partial Black,110.853515625,500,500,3,1.0,36.324975998976,191.004872,34.15839926377722,5.201731585661563,195.24338,189.543908,187.148384,archive\Partial Black\Partial Black_59.jpg
Partial Black_60.jpg,Partial Black,20.4443359375,500,500,3,1.0,7.105135999744,232.398656,32.78636706610941,3.885271869399483,235.619256,231.563452,229.221436,archive\Partial Black\Partial Black_60.jpg
Partial Black_61.jpg,Partial Black,18.7861328125,500,500,3,1.0,4.4391079972959995,235.65664,31.22299562678764,3.835105521372104,238.004776,235.152556,233.2576,archive\Partial Black\Partial Black_61.jpg
Partial Black_62.jpg,Partial Black,19.478515625,500,500,3,1.0,3.933072,233.821248,30.51707456035877,4.007568720391428,236.86808,233.17674,230.231284,archive\Partial Black\Partial Black_62.jpg
Partial Black_63.jpg,Partial Black,19.9775390625,500,500,3,1.0,13.980375989184,236.996548,30.796032343204473,3.2875183498672054,238.819344,236.450148,235.764616,archive\Partial Black\Partial Black_63.jpg
Partial Black_64.jpg,Partial Black,18.517578125,500,500,3,1.0,5.878107999216,240.18266,23.067284697692532,3.3744480080377195,242.010464,239.875116,238.398912,archive\Partial Black\Partial Black_64.jpg
Partial Black_65.jpg,Partial Black,95.1484375,500,500,3,1.0,35.374343876096006,211.788684,27.337049393600328,3.984119626287715,214.046436,210.96658,210.444536,archive\Partial Black\Partial Black_65.jpg
Partial Sour_01.jpg,Partial Sour,92.611328125,500,500,3,1.0,27.829667914736,208.269568,34.75407125925502,4.683834744401867,213.105848,206.695116,203.65548,archive\Partial Sour\Partial Sour_01.jpg
Partial Sour_02.jpg,Partial Sour,94.02734375,500,500,3,1.0,20.759651795695998,212.474356,34.65770330511334,4.567157222870523,217.002516,211.069724,207.216224,archive\Partial Sour\Partial Sour_02.jpg
Partial Sour_03.jpg,Partial Sour,93.216796875,500,500,3,1.0,25.802871997696,207.6805,30.771654550088787,4.5525168515761125,212.853264,206.2697,201.70032,archive\Partial Sour\Partial Sour_03.jpg
Partial Sour_04.jpg,Partial Sour,104.1796875,500,500,3,1.0,22.168059961584,190.780612,47.848275046290404,5.994897107125804,199.352616,188.425508,180.224528,archive\Partial Sour\Partial Sour_04.jpg
Partial Sour_05.jpg,Partial Sour,97.7578125,500,500,3,1.0,21.498511990784,188.93554,53.45549873407225,5.7923302076667795,196.504924,186.682148,180.213344,archive\Partial Sour\Partial Sour_05.jpg
Partial Sour_06.jpg,Partial Sour,87.1904296875,500,500,3,1.0,19.453927976896,217.349376,25.534467693896108,4.530066641961199,220.961632,216.177892,213.063264,archive\Partial Sour\Partial Sour_06.jpg
Partial Sour_07.jpg,Partial Sour,92.5283203125,500,500,3,1.0,29.976779973104,218.07788,30.013531726632905,4.021482538750395,221.66826,216.90758,214.217916,archive\Partial Sour\Partial Sour_07.jpg
Partial Sour_08.jpg,Partial Sour,21.2724609375,500,500,3,1.0,9.157439990784,221.95518,21.414414284953022,4.274657941953578,224.975264,221.02056,218.863072,archive\Partial Sour\Partial Sour_08.jpg
Partial Sour_09.jpg,Partial Sour,95.2578125,500,500,3,1.0,23.614419982576,211.699476,32.0827486560211,4.642731760676654,215.645988,210.3921,207.704448,archive\Partial Sour\Partial Sour_09.jpg
Partial Sour_10.jpg,Partial Sour,91.6904296875,500,500,3,1.0,25.422051989999996,206.932804,32.41952906347629,5.015893021669034,210.29066,205.71926,204.21364,archive\Partial Sour\Partial Sour_10.jpg
Partial Sour_11.jpg,Partial Sour,95.052734375,500,500,3,1.0,32.962915900144,205.82688,26.405155660696266,4.762983836623388,209.43958,204.419236,203.462396,archive\Partial Sour\Partial Sour_11.jpg
Partial Sour_12.jpg,Partial Sour,99.8935546875,500,500,3,1.0,29.439783990783997,203.94658,34.8364596120731,5.146007668988412,209.280044,202.407248,197.884192,archive\Partial Sour\Partial Sour_12.jpg
Partial Sour_13.jpg,Partial Sour,89.23046875,500,500,3,1.0,19.482719992256,214.466748,22.879579329710065,4.41968698594537,217.911388,213.340332,210.790212,archive\Partial Sour\Partial Sour_13.jpg
Partial Sour_14.jpg,Partial Sour,20.10546875,500,500,3,1.0,4.975959979264,220.46492,27.272043586676816,4.169065759560649,223.48652,219.620576,217.767056,archive\Partial Sour\Partial Sour_14.jpg
Partial Sour_15.jpg,Partial Sour,17.869140625,500,500,3,1.0,3.974407999744,227.245652,16.739294223320645,3.432699541775239,228.695924,226.675988,226.969396,archive\Partial Sour\Partial Sour_15.jpg
Partial Sour_16.jpg,Partial Sour,20.267578125,500,500,3,1.0,5.937531998064,220.596808,27.030074883565085,4.0154448341717925,223.7793,219.687268,217.524096,archive\Partial Sour\Partial Sour_16.jpg
Partial Sour_17.jpg,Partial Sour,90.3662109375,500,500,3,1.0,22.829799876096004,215.78108,33.849909690183814,4.324276214349879,219.850848,214.413056,211.662452,archive\Partial Sour\Partial Sour_17.jpg
Partial Sour_18.jpg,Partial Sour,88.9345703125,500,500,3,1.0,17.853043998704003,216.64698,34.74086960453926,4.440619628562436,220.86478,215.080296,213.165668,archive\Partial Sour\Partial Sour_18.jpg
Partial Sour_19.jpg,Partial Sour,21.3701171875,500,500,3,1.0,10.555615999743999,224.063284,23.139982522364708,4.107112834668337,227.524288,222.934528,220.630972,archive\Partial Sour\Partial Sour_19.jpg
Partial Sour_20.jpg,Partial Sour,88.5908203125,500,500,3,1.0,19.680635672816003,211.336716,33.86591056409593,5.042695895834784,215.396188,209.840908,208.217152,archive\Partial Sour\Partial Sour_20.jpg
Partial Sour_21.jpg,Partial Sour,92.6376953125,500,500,3,1.0,30.6838878704,213.347668,28.821887151291392,4.515352979231792,217.690684,211.813476,210.175684,archive\Partial Sour\Partial Sour_21.jpg
Partial Sour_22.jpg,Partial Sour,18.48828125,500,500,3,1.0,4.3580719989759995,227.302096,15.379978218670663,3.4872615293421716,228.8915,226.808624,226.524244,archive\Partial Sour\Partial Sour_22.jpg
Partial Sour_23.jpg,Partial Sour,19.435546875,500,500,3,1.0,4.014555982576,221.265668,26.00332810456723,4.058887840441127,224.067548,220.501204,218.649404,archive\Partial Sour\Partial Sour_23.jpg
Partial Sour_24.jpg,Partial Sour,19.1884765625,500,500,3,1.0,4.064075995375999,223.51806,21.183713598809817,3.4361788621509195,226.167624,222.787208,221.037388,archive\Partial Sour\Partial Sour_24.jpg
Partial Sour_25.jpg,Partial Sour,97.80859375,500,500,3,1.0,31.416502884864002,211.408624,36.384342599896236,4.589115989055332,216.703028,209.860436,205.496892,archive\Partial Sour\Partial Sour_25.jpg
Partial Sour_26.jpg,Partial Sour,95.6142578125,500,500,3,1.0,31.873571997295997,221.08176,27.501149272392233,4.399921458462117,225.769196,219.571712,216.187796,archive\Partial Sour\Partial Sour_26.jpg
Partial Sour_27.jpg,Partial Sour,22.24609375,500,500,3,1.0,8.078559990784,223.204868,24.22227588610484,4.559316688280277,228.072468,222.291884,215.924328,archive\Partial Sour\Partial Sour_27.jpg
Partial Sour_28.jpg,Partial Sour,89.6103515625,500,500,3,1.0,24.167875928176002,218.282864,26.615807107008873,4.691708407911357,222.54802,216.833432,214.531656,archive\Partial Sour\Partial Sour_28.jpg
Partial Sour_29.jpg,Partial Sour,89.5595703125,500,500,3,1.0,22.086323991536002,218.2705,15.33756074967594,4.652084027402332,221.984872,216.850872,215.807004,archive\Partial Sour\Partial Sour_29.jpg
Partial Sour_30.jpg,Partial Sour,18.4775390625,500,500,3,1.0,1.8176399997439998,227.715656,17.668635841220567,3.6087725900325993,229.735632,227.039928,226.294216,archive\Partial Sour\Partial Sour_30.jpg
Partial Sour_31.jpg,Partial Sour,18.2412109375,500,500,3,1.0,3.4016119995999996,229.743832,19.552184787275717,2.9768164651141853,231.577968,228.974664,229.054464,archive\Partial Sour\Partial Sour_31.jpg
Partial Sour_32.jpg,Partial Sour,20.6123046875,500,500,3,1.0,4.026191990784,225.702272,19.45944598486853,3.874598081396486,229.541,224.990664,220.209012,archive\Partial Sour\Partial Sour_32.jpg
Partial Sour_33.jpg,Partial Sour,19.6376953125,500,500,3,1.0,3.666491998064,225.560412,21.09100695534132,4.13147035739159,228.277492,224.755384,222.514368,archive\Partial Sour\Partial Sour_33.jpg
Partial Sour_34.jpg,Partial Sour,19.1376953125,500,500,3,1.0,5.0151439968639995,226.620608,27.516138640992782,3.783610347353391,229.402836,225.617588,224.67934,archive\Partial Sour\Partial Sour_34.jpg
Partial Sour_35.jpg,Partial Sour,19.1611328125,500,500,3,1.0,4.3532639994240006,225.086396,27.658589619342198,4.078466717860767,228.123804,224.073376,222.74166,archive\Partial Sour\Partial Sour_35.jpg
Partial Sour_36.jpg,Partial Sour,18.99609375,500,500,3,1.0,2.9347199959040005,226.305052,27.388073522562628,4.025904662362126,228.435128,225.705312,224.578852,archive\Partial Sour\Partial Sour_36.jpg
Partial Sour_37.jpg,Partial Sour,72.00390625,500,500,3,1.0,9.021987986544,231.673808,21.828016831108044,4.155700695737016,236.886736,230.37046,224.790824,archive\Partial Sour\Partial Sour_37.jpg
Partial Sour_38.jpg,Partial Sour,17.93359375,500,500,3,1.0,1.8452199999839998,220.753424,26.923959000790056,3.15987397453742,223.334552,220.163724,217.703548,archive\Partial Sour\Partial Sour_38.jpg
Partial sour_39.jpg,Partial Sour,18.193359375,500,500,3,1.0,3.277911999424,224.679912,25.23932534106758,3.0981878429486738,227.391912,223.599372,223.12506,archive\Partial Sour\Partial sour_39.jpg
Partial Sour_40.jpg,Partial Sour,22.0712890625,500,500,3,1.0,6.631271998976,218.150376,29.912937987744098,4.718059719421977,222.00752,217.225772,213.5827,archive\Partial Sour\Partial Sour_40.jpg
Partial Sour_41.jpg,Partial Sour,21.26953125,500,500,3,1.0,5.964551998976,222.410268,23.391392865072742,4.344727333074951,226.293016,221.531352,217.270896,archive\Partial Sour\Partial Sour_41.jpg
Partial Sour_42.jpg,Partial Sour,16.9912109375,500,500,3,1.0,1.6105879883360001,231.14374,23.17475485981243,2.9114899002577657,232.813536,230.490232,230.351736,archive\Partial Sour\Partial Sour_42.jpg
Partial Sour_43.jpg,Partial Sour,20.841796875,500,500,3,1.0,4.692331998064001,218.658008,27.80401973585719,4.52227711009262,222.39906,217.805552,214.00674,archive\Partial Sour\Partial Sour_43.jpg
Partial Sour_44.jpg,Partial Sour,94.1953125,500,500,3,1.0,27.478215902656,207.820672,34.768405449033985,4.981967156146902,213.708428,206.263652,200.559212,archive\Partial Sour\Partial Sour_44.jpg
Partial Sour_45.jpg,Partial Sour,90.63671875,500,500,3,1.0,21.837971997296,206.26984,35.80697052773942,5.062672649192113,212.575616,204.499172,199.49018,archive\Partial Sour\Partial Sour_45.jpg
Partial Sour_46.jpg,Partial Sour,18.169921875,500,500,3,1.0,2.2488079815039996,225.178176,25.76558785110528,2.6890222310270886,227.452128,224.225856,224.059536,archive\Partial Sour\Partial Sour_46.jpg
Partial Sour_47.jpg,Partial Sour,20.478515625,500,500,3,1.0,6.24577999,221.911284,23.16602748576769,4.319894345785081,224.750832,221.071704,219.313704,archive\Partial Sour\Partial Sour_47.jpg
Partial Sour_48.jpg,Partial Sour,94.591796875,500,500,3,1.0,24.333287993599996,198.634772,35.0519907067775,5.299807762152838,204.965784,196.81186,191.912408,archive\Partial Sour\Partial Sour_48.jpg
Partial Sour_49.jpg,Partial Sour,97.9208984375,500,500,3,1.0,34.741151784704,207.741884,42.246566110520085,4.761235266834573,212.391952,206.121276,203.41606,archive\Partial Sour\Partial Sour_49.jpg
Partial Sour_50.jpg,Partial Sour,101.857421875,500,500,3,1.0,35.499315975664004,214.967212,30.735225409081615,4.864452908792544,219.833368,213.443016,209.951212,archive\Partial Sour\Partial Sour_50.jpg
Severe Insect Damange_01.jpg,Severe Insect Damange,73.248046875,500,500,3,1.0,14.345491955056001,234.045296,20.03836151666059,3.4582002682213897,235.8099,233.618756,231.398704,archive\Severe Insect Damange\Severe Insect Damange_01.jpg
Severe Insect Damange_02.jpg,Severe Insect Damange,89.791015625,500,500,3,1.0,28.4793638556,225.04024,29.772522176369268,4.104288835424259,227.964096,223.92172,222.137356,archive\Severe Insect Damange\Severe Insect Damange_02.jpg
Severe Insect Damange_03.jpg,Severe Insect Damange,89.0,500,500,3,1.0,22.010279998399998,227.450564,25.825459765160115,3.6198954560533068,230.690204,226.439696,223.256996,archive\Severe Insect Damange\Severe Insect Damange_03.jpg
Severe Insect Damange_04.jpg,Severe Insect Damange,89.8984375,500,500,3,1.0,20.487367985600002,222.797924,27.558297358331558,4.350896961016132,226.159444,221.657304,218.91728,archive\Severe Insect Damange\Severe Insect Damange_04.jpg
Severe Insect Damange_05.jpg,Severe Insect Damange,87.7255859375,500,500,3,1.0,14.958619986544,223.389676,17.17922456384525,4.395329025573748,227.16334,222.43098,217.515436,archive\Severe Insect Damange\Severe Insect Damange_05.jpg
Severe Insect Damange_06.jpg,Severe Insect Damange,93.013671875,500,500,3,1.0,37.941843909999996,224.33342,33.09204054003923,4.279360384401409,226.862584,223.437612,222.140696,archive\Severe Insect Damange\Severe Insect Damange_06.jpg
Severe Insect Damange_07.jpg,Severe Insect Damange,94.416015625,500,500,3,1.0,28.837363861616,224.969644,27.284915585599013,4.419258398603688,228.11468,224.14878,220.471288,archive\Severe Insect Damange\Severe Insect Damange_07.jpg
Severe Insect Damange_08.jpg,Severe Insect Damange,86.234375,500,500,3,1.0,18.8046519996,220.896064,19.409929142269014,4.305582715628894,224.045484,219.938372,216.712984,archive\Severe Insect Damange\Severe Insect Damange_08.jpg
Severe Insect Damange_09.jpg,Severe Insect Damange,93.630859375,500,500,3,1.0,32.054523940464,220.916816,34.35105460422058,4.093714518085987,222.825528,220.2382,218.57346,archive\Severe Insect Damange\Severe Insect Damange_09.jpg
Severe Insect Damange_10.jpg,Severe Insect Damange,86.2763671875,500,500,3,1.0,18.842579992944003,220.7998,19.38034179161967,4.313272412382672,223.929408,219.855732,216.622812,archive\Severe Insect Damange\Severe Insect Damange_10.jpg
Severe Insect Damange_11.jpg,Severe Insect Damange,92.82421875,500,500,3,1.0,37.950679813376,223.157052,34.72705462127902,4.139255324080486,225.567592,222.350656,221.451348,archive\Severe Insect Damange\Severe Insect Damange_11.jpg
Severe Insect Damange_12.jpg,Severe Insect Damange,95.1484375,500,500,3,1.0,26.016291999856,221.835696,25.96403628474556,4.124337280026257,225.875584,220.927588,215.643276,archive\Severe Insect Damange\Severe Insect Damange_12.jpg
Severe Insect Damange_13.jpg,Severe Insect Damange,95.0888671875,500,500,3,1.0,25.996455997696,222.133756,24.182889681187067,4.1493999064514755,225.8793,221.1965,216.302112,archive\Severe Insect Damange\Severe Insect Damange_13.jpg
Severe Insect Damange_14.jpg,Severe Insect Damange,94.1240234375,500,500,3,1.0,24.494751934463995,225.957444,21.051254807893613,3.9903586891165195,228.232772,225.270332,223.029168,archive\Severe Insect Damange\Severe Insect Damange_14.jpg
Severe Insect Damange_15.jpg,Severe Insect Damange,97.9375,500,500,3,1.0,26.820303992255997,220.581756,28.668300751116448,4.130269394973174,224.804928,219.43246,214.67128,archive\Severe Insect Damange\Severe Insect Damange_15.jpg
Severe Insect Damange_16.jpg,Severe Insect Damange,92.9052734375,500,500,3,1.0,26.3760959424,224.155888,22.12196941801195,3.8909820068376675,227.67534,222.992768,220.101432,archive\Severe Insect Damange\Severe Insect Damange_16.jpg
Severe Insect Damange_17.jpg,Severe Insect Damange,82.27734375,500,500,3,1.0,13.263007969023999,223.512172,18.638584813295672,3.7488390865027075,226.22656,222.762924,219.37164,archive\Severe Insect Damange\Severe Insect Damange_17.jpg
Severe Insect Damange_18.jpg,Severe Insect Damange,81.05078125,500,500,3,1.0,14.3152598844,229.426668,21.80785854727089,3.9628194844513827,231.995528,228.657572,225.92998,archive\Severe Insect Damange\Severe Insect Damange_18.jpg
Severe Insect Damange_19.jpg,Severe Insect Damange,75.2333984375,500,500,3,1.0,12.408499944304001,233.272636,16.28774046979826,3.471055007943179,235.89124,232.748552,228.604308,archive\Severe Insect Damange\Severe Insect Damange_19.jpg
Severe Insect Damange_20.jpg,Severe Insect Damange,88.072265625,500,500,3,1.0,20.406655892416,226.017136,20.400601225392943,4.152786044990716,229.411188,225.111004,220.949104,archive\Severe Insect Damange\Severe Insect Damange_20.jpg
Severe Insect Damange_21.jpg,Severe Insect Damange,85.4453125,500,500,3,1.0,17.028071820224003,225.863264,27.881170407038223,3.4336119137054326,228.902524,224.752184,222.750264,archive\Severe Insect Damange\Severe Insect Damange_21.jpg
Severe Insect Damange_22.jpg,Severe Insect Damange,85.3271484375,500,500,3,1.0,21.255643982575997,225.343184,22.845772666778945,3.8239307486604317,228.636208,224.199736,221.63804,archive\Severe Insect Damange\Severe Insect Damange_22.jpg
Severe Insect Damange_23.jpg,Severe Insect Damange,83.490234375,500,500,3,1.0,18.0381119856,230.322196,22.512004125301328,4.0210853311033725,234.119,229.616236,223.447956,archive\Severe Insect Damange\Severe Insect Damange_23.jpg
Severe Insect Damange_24.jpg,Severe Insect Damange,86.5712890625,500,500,3,1.0,20.996379999856,227.9389,22.079503771371314,4.20525555797257,231.072524,227.31432,222.32896,archive\Severe Insect Damange\Severe Insect Damange_24.jpg
Severe Insect Damange_25.jpg,Severe Insect Damange,84.865234375,500,500,3,1.0,16.373211940464,228.772556,19.639227307276222,3.5592018255155318,232.16928,227.845664,223.90492,archive\Severe Insect Damange\Severe Insect Damange_25.jpg
Severe Insect Damange_26.jpg,Severe Insect Damange,80.978515625,500,500,3,1.0,15.325079999744002,229.989096,21.184513426151284,3.523072903181304,233.3845,229.060104,225.021352,archive\Severe Insect Damange\Severe Insect Damange_26.jpg
Severe Insect Damange_27.jpg,Severe Insect Damange,19.00390625,500,500,3,1.0,5.581839999935999,236.070996,31.005049581769484,3.4987160803550776,238.359716,235.653476,233.32696,archive\Severe Insect Damange\Severe Insect Damange_27.jpg
Severe Insect Damange_28.jpg,Severe Insect Damange,17.2529296875,500,500,3,1.0,6.088363998704001,241.370108,18.486839861597115,2.7140635612397497,242.202636,241.256188,240.457688,archive\Severe Insect Damange\Severe Insect Damange_28.jpg
Severe Insect Damange_29.jpg,Severe Insect Damange,21.4794921875,500,500,3,1.0,14.493871999424,237.031752,25.450202510206005,3.319541014421591,239.006684,236.872832,233.779248,archive\Severe Insect Damange\Severe Insect Damange_29.jpg
Severe Insect Damange_30.jpg,Severe Insect Damange,18.0009765625,500,500,3,1.0,6.754651999984,238.917756,23.443570374933593,2.918455727109943,239.88784,238.787724,237.797036,archive\Severe Insect Damange\Severe Insect Damange_30.jpg
Severe Insect Damange_31.jpg,Severe Insect Damange,17.2744140625,500,500,3,1.0,3.020027999984,239.853624,28.290809074090195,3.2551454868275496,241.677248,239.523152,238.145824,archive\Severe Insect Damange\Severe Insect Damange_31.jpg
Severe Insect Damange_32.jpg,Severe Insect Damange,17.8134765625,500,500,3,1.0,5.0988439615839996,242.593448,17.812552974554098,2.971055734162008,243.879464,242.484372,241.024748,archive\Severe Insect Damange\Severe Insect Damange_32.jpg
Severe Insect Damange_33.jpg,Severe Insect Damange,15.8603515625,500,500,3,1.0,2.848623999936,243.429548,20.90554884511995,2.0156994518843,244.436036,243.340336,242.965668,archive\Severe Insect Damange\Severe Insect Damange_33.jpg
Severe Insect Damange_34.jpg,Severe Insect Damange,17.189453125,500,500,3,1.0,4.323135999424,241.694408,20.784660630607757,2.6480546451672433,242.939748,241.585436,240.432808,archive\Severe Insect Damange\Severe Insect Damange_34.jpg
Severe Insect Damange_35.jpg,Severe Insect Damange,18.2060546875,500,500,3,1.0,10.070823981503999,239.281428,29.166872068852637,3.0105140879091783,240.510752,239.071856,238.467532,archive\Severe Insect Damange\Severe Insect Damange_35.jpg
Severe Insect Damange_36.jpg,Severe Insect Damange,16.94921875,500,500,3,1.0,2.5883399996,240.42136,17.928534567844633,2.99662033182155,241.945044,240.264512,238.334584,archive\Severe Insect Damange\Severe Insect Damange_36.jpg
Severe Insect Damange_37.jpg,Severe Insect Damange,19.310546875,500,500,3,1.0,8.544867998704001,236.121324,31.100711832481007,3.706198428303355,237.784604,235.892268,234.098408,archive\Severe Insect Damange\Severe Insect Damange_37.jpg
Severe Insect Damange_38.jpg,Severe Insect Damange,18.517578125,500,500,3,1.0,5.063307999599999,239.620996,20.092943238062063,3.321734570993941,241.280436,239.443516,237.297536,archive\Severe Insect Damange\Severe Insect Damange_38.jpg
Severe Insect Damange_39.jpg,Severe Insect Damange,18.2255859375,500,500,3,1.0,3.8644719997440005,236.586188,29.21633111170285,3.1539711597728513,239.333216,236.072936,233.43724,archive\Severe Insect Damange\Severe Insect Damange_39.jpg
Severe Insect Damange_40.jpg,Severe Insect Damange,16.341796875,500,500,3,1.0,3.0454559999360002,243.274316,19.103403956681227,2.714394674732513,244.449984,243.164588,242.389188,archive\Severe Insect Damange\Severe Insect Damange_40.jpg
Severe Insect Damange_41.jpg,Severe Insect Damange,17.0,500,500,3,1.0,4.963031999936,240.906776,25.57063638797095,2.745479327307244,241.77052,240.7265,240.6118,archive\Severe Insect Damange\Severe Insect Damange_41.jpg
Severe Insect Damange_42.jpg,Severe Insect Damange,19.5087890625,500,500,3,1.0,8.295427997296,237.341028,27.66937310282284,3.162225743106181,239.857024,237.027484,233.307952,archive\Severe Insect Damange\Severe Insect Damange_42.jpg
Severe Insect Damange_43.jpg,Severe Insect Damange,17.5673828125,500,500,3,1.0,4.141983934464,239.939044,22.463841531805375,3.381208761962749,241.439884,239.749008,238.409356,archive\Severe Insect Damange\Severe Insect Damange_43.jpg
Severe Insect Damange_44.jpg,Severe Insect Damange,18.9736328125,500,500,3,1.0,12.735467999216002,237.951936,28.8775118362352,3.102873094357244,240.488932,237.376212,235.533472,archive\Severe Insect Damange\Severe Insect Damange_44.jpg
Severe Insect Damange_45.jpg,Severe Insect Damange,18.1455078125,500,500,3,1.0,3.5404959989760005,238.566188,22.955265259819065,3.4404208219081482,239.787312,238.474132,237.337568,archive\Severe Insect Damange\Severe Insect Damange_45.jpg
Severe Insect Damange_46.jpg,Severe Insect Damange,18.330078125,500,500,3,1.0,4.3505159996,238.84004,24.688702938761285,3.33586632118861,240.508832,238.643428,235.883904,archive\Severe Insect Damange\Severe Insect Damange_46.jpg
Severe Insect Damange_47.jpg,Severe Insect Damange,16.638671875,501,501,3,1.0,2.765813681953713,241.93486480133546,16.008684872319083,2.8470260428375784,242.69929601874097,241.8425583961817,240.9675419619842,archive\Severe Insect Damange\Severe Insect Damange_47.jpg
Severe Insect Damange_48.jpg,Severe Insect Damange,19.6650390625,500,500,3,1.0,10.458059999984,238.156872,26.261033931961173,3.042732877063724,240.487644,237.817232,235.22338,archive\Severe Insect Damange\Severe Insect Damange_48.jpg
Severe Insect Damange_49.jpg,Severe Insect Damange,116.2109375,500,500,3,1.0,25.359447997695998,192.168424,30.001042537822315,5.329508901427819,195.922068,191.23774,187.179788,archive\Severe Insect Damange\Severe Insect Damange_49.jpg
Severe Insect Damange_50.jpg,Severe Insect Damange,111.830078125,500,500,3,1.0,20.286267982576,197.579032,29.739148507362746,4.771400735842443,200.508508,196.829716,193.620056,archive\Severe Insect Damange\Severe Insect Damange_50.jpg
Severe Insect Damange_51.jpg,Severe Insect Damange,119.869140625,500,500,3,1.0,29.840583881663996,191.365064,35.701445800918265,5.46797562185183,196.212832,190.454132,183.176096,archive\Severe Insect Damange\Severe Insect Damange_51.jpg
Severe Insect Damange_52.jpg,Severe Insect Damange,112.3486328125,500,500,3,1.0,29.135667964655998,186.010652,36.57324829072332,5.28645182191396,189.475048,184.861592,182.899184,archive\Severe Insect Damange\Severe Insect Damange_52.jpg
Severe Insect Damange_53.jpg,Severe Insect Damange,111.34375,500,500,3,1.0,27.749223976896,199.990052,28.010755381411904,4.8245125281296515,203.23588,199.388212,194.672116,archive\Severe Insect Damange\Severe Insect Damange_53.jpg
Severe Insect Damange_54.jpg,Severe Insect Damange,109.9951171875,500,500,3,1.0,27.732683928176,193.2366,34.1784856955366,4.550852842348426,197.406416,192.182432,187.458268,archive\Severe Insect Damange\Severe Insect Damange_54.jpg
Severe Insect Damange_55.jpg,Severe Insect Damange,100.01171875,500,500,3,1.0,15.750539980400003,199.074892,22.90123497081186,4.553029176106828,202.060884,198.129196,196.268136,archive\Severe Insect Damange\Severe Insect Damange_55.jpg
Severe Insect Damange_56.jpg,Severe Insect Damange,102.8955078125,500,500,3,1.0,20.053767981504,193.951308,30.27189761295344,4.435254066162312,197.738816,192.727204,190.222136,archive\Severe Insect Damange\Severe Insect Damange_56.jpg
Severe Insect Damange_57.jpg,Severe Insect Damange,124.42578125,500,500,3,1.0,60.857115948016,199.919932,25.025300659839754,4.458148274246531,202.44808,199.101912,197.279308,archive\Severe Insect Damange\Severe Insect Damange_57.jpg
Shell_01.jpg,Shell,96.482421875,500,500,3,1.0,13.453087997695999,208.68498,21.293252790487415,4.202439406313761,210.71468,208.165476,205.977664,archive\Shell\Shell_01.jpg
Shell_02.jpg,Shell,107.1162109375,500,500,3,1.0,23.650495769599996,205.977968,19.823525281618704,4.299171298853507,208.45102,205.039204,204.287796,archive\Shell\Shell_02.jpg
Shell_03.jpg,Shell,102.6044921875,500,500,3,1.0,14.052535372736,198.696696,19.264297721006702,4.4582136440294065,201.45344,197.683984,196.775192,archive\Shell\Shell_03.jpg
Shell_04.jpg,Shell,93.6708984375,500,500,3,1.0,13.1830798704,219.485248,17.107068667030482,3.593764573609894,221.680136,219.028024,216.394324,archive\Shell\Shell_04.jpg
Shell_05.jpg,Shell,90.697265625,500,500,3,1.0,9.417527846336,220.985688,14.930140359911425,3.551312373922172,222.378712,220.669136,219.216856,archive\Shell\Shell_05.jpg
Shell_06.jpg,Shell,98.912109375,500,500,3,1.0,17.086527912384,225.20628,9.40460273278994,3.285557248735865,226.049812,224.954304,224.505192,archive\Shell\Shell_06.jpg
Shell_07.jpg,Shell,102.8642578125,500,500,3,1.0,27.916179464176004,222.960624,16.293250674147995,3.4130964920907516,224.093212,222.697604,221.554472,archive\Shell\Shell_07.jpg
Shell_08.jpg,Shell,102.9677734375,500,500,3,1.0,20.787931986544002,221.023904,17.641729070552696,3.372054660865707,222.438252,220.684484,219.211924,archive\Shell\Shell_08.jpg
Shell_09.jpg,Shell,100.498046875,500,500,3,1.0,14.7832957296,221.928728,15.989581867641691,3.420944786272355,223.027624,221.687172,220.46918,archive\Shell\Shell_09.jpg
Shell_10.jpg,Shell,98.478515625,500,500,3,1.0,16.4440439324,223.383156,12.760300446292948,3.4085658003930255,224.450072,223.074012,222.496144,archive\Shell\Shell_10.jpg
Shell_11.jpg,Shell,98.453125,500,500,3,1.0,25.274815983616,220.808336,18.520303909793274,3.4887980265999676,222.3273,220.406216,219.210584,archive\Shell\Shell_11.jpg
Shell_12.jpg,Shell,95.048828125,500,500,3,1.0,12.537975753984,221.685648,12.785291815992936,3.2937025509439395,222.646348,221.445724,220.58366,archive\Shell\Shell_12.jpg
Shell_13.jpg,Shell,97.0478515625,500,500,3,1.0,13.241335995904,218.821656,16.029868665016068,3.652305351216394,220.56182,218.490896,216.020536,archive\Shell\Shell_13.jpg
Shell_14.jpg,Shell,108.677734375,500,500,3,1.0,44.94541596,208.736896,28.115293779101506,3.9355410081220685,211.22302,207.851432,206.924244,archive\Shell\Shell_14.jpg
Shell_15.jpg,Shell,104.275390625,500,500,3,1.0,16.333439981504,206.034524,26.29675744447258,4.584664571272482,208.429656,205.393212,202.960792,archive\Shell\Shell_15.jpg
Shell_16.jpg,Shell,96.1650390625,500,500,3,1.0,18.952535985599997,219.30684,19.061592200401307,3.5555841873448153,220.977004,218.993504,216.734008,archive\Shell\Shell_16.jpg
Shell_17.jpg,Shell,105.697265625,500,500,3,1.0,21.899475992944,208.331796,22.294326888569298,3.902153863280232,210.607968,207.671436,205.672252,archive\Shell\Shell_17.jpg
Shell_18.jpg,Shell,98.087890625,500,500,3,1.0,14.54224784,210.67544,18.400314475747418,3.5565631230635915,212.52176,210.04882,209.047592,archive\Shell\Shell_18.jpg
Shell_19.jpg,Shell,101.783203125,500,500,3,1.0,15.6686758556,211.139192,17.877880008187102,3.884542838425797,213.256748,210.549036,208.54394,archive\Shell\Shell_19.jpg
Shell_20.jpg,Shell,102.365234375,500,500,3,1.0,20.1613339036,211.168204,21.406791432028854,3.9537867645142524,213.311056,210.526324,208.99286,archive\Shell\Shell_20.jpg
Shell_21.jpg,Shell,97.9755859375,500,500,3,1.0,17.108199495104,212.655768,18.822112748843473,3.7651143801744107,214.027072,212.142488,211.748296,archive\Shell\Shell_21.jpg
Shell_22.jpg,Shell,98.5849609375,500,500,3,1.0,13.040631942400001,209.893924,21.625340503266624,3.8352573067594413,211.816492,209.27532,207.972012,archive\Shell\Shell_22.jpg
Shell_23.jpg,Shell,101.04296875,500,500,3,1.0,14.137939999855998,208.288476,20.545077308139387,4.144784858621704,210.859176,207.506152,205.147644,archive\Shell\Shell_23.jpg
Shell_24.jpg,Shell,104.31640625,500,500,3,1.0,47.24005199,208.885328,31.248483648529508,3.6897610384075086,211.741236,207.723376,207.452616,archive\Shell\Shell_24.jpg
Shell_25.jpg,Shell,107.158203125,500,500,3,1.0,25.807763955056,208.970384,22.77615267977768,4.023680824555975,211.16188,208.277852,206.666748,archive\Shell\Shell_25.jpg
Shell_26.jpg,Shell,105.18359375,500,500,3,1.0,28.063367839999994,209.599,23.009027597879925,3.477473708934389,211.76704,208.892656,207.49282,archive\Shell\Shell_26.jpg
Shell_27.jpg,Shell,99.5234375,500,500,3,1.0,15.423623949823998,217.134608,21.151791807937595,3.778610780990714,219.501912,216.64224,213.5506,archive\Shell\Shell_27.jpg
Shell_28.jpg,Shell,104.68359375,500,500,3,1.0,26.813327999424,212.066676,16.288105792602895,3.4011859064397503,213.69376,211.406848,211.048468,archive\Shell\Shell_28.jpg
Shell_29.jpg,Shell,109.275390625,500,500,3,1.0,31.233275895023997,211.560548,19.19615497800786,3.4589751173266285,213.406608,210.918832,209.95204,archive\Shell\Shell_29.jpg
Shell_30.jpg,Shell,100.18359375,500,500,3,1.0,20.552571984624,212.085836,19.823081803319685,3.45901397871893,213.95368,211.416676,210.67908,archive\Shell\Shell_30.jpg
Shell_31.jpg,Shell,96.51953125,500,500,3,1.0,16.259299625456002,212.349868,18.50961275614852,3.346626253362995,213.786232,211.803796,211.286552,archive\Shell\Shell_31.jpg
Shell_32.jpg,Shell,101.03125,500,500,3,1.0,18.101183992256,211.136316,20.475912041912665,3.4276346969741485,212.622148,210.541812,210.156596,archive\Shell\Shell_32.jpg
Shell_33.jpg,Shell,105.23828125,500,500,3,1.0,21.494803757936,210.340416,18.87713254037657,3.656594089145157,212.669632,209.56204,207.87964,archive\Shell\Shell_33.jpg
Shell_34.jpg,Shell,105.9521484375,500,500,3,1.0,31.106819992944,219.384076,22.32762221165129,4.0400905722142175,221.541668,219.046764,215.604192,archive\Shell\Shell_34.jpg
Shell_35.jpg,Shell,102.0732421875,500,500,3,1.0,17.400619498736003,221.912948,16.986154183607777,3.862903547584886,223.777464,221.642952,218.482456,archive\Shell\Shell_35.jpg
Shell_36.jpg,Shell,110.28515625,500,500,3,1.0,34.726727995904,219.915464,19.75743884375462,3.9035273435847926,222.118772,219.660828,215.706404,archive\Shell\Shell_36.jpg
Shell_37.jpg,Shell,108.69140625,500,500,3,1.0,24.61758396,220.52004,19.21099139551106,3.789055892077553,221.7981,220.321008,218.39354,archive\Shell\Shell_37.jpg
Shell_38.jpg,Shell,93.54296875,500,500,3,1.0,10.162499802864,218.673996,19.453707651550232,3.8051084496478578,219.986384,218.348028,217.10252,archive\Shell\Shell_38.jpg
Shell_39.jpg,Shell,108.201171875,500,500,3,1.0,25.949691958384,222.342924,16.69087244964217,3.626170762532959,223.787412,222.083256,220.0275,archive\Shell\Shell_39.jpg
Shell_40.jpg,Shell,107.931640625,500,500,3,1.0,31.275595861616,219.451592,24.04426352928149,3.8775988860912958,221.56112,218.978228,216.562244,archive\Shell\Shell_40.jpg
Shell_41.jpg,Shell,102.2998046875,500,500,3,1.0,22.258907780976,222.490936,16.392985995354966,3.4583137611819907,224.357656,222.118032,219.549192,archive\Shell\Shell_41.jpg
Shell_42.jpg,Shell,108.62109375,500,500,3,1.0,24.205639912384,219.376296,20.255185640235045,4.00076293190636,221.410452,218.992292,215.852876,archive\Shell\Shell_42.jpg
Shell_43.jpg,Shell,111.873046875,500,500,3,1.0,32.1277037696,219.25406,17.1295866125368,4.091980507287273,221.535964,218.885172,215.047772,archive\Shell\Shell_43.jpg
Shell_44.jpg,Shell,108.8857421875,500,500,3,1.0,41.315099998704,209.940152,20.108710804447313,3.5568676452805756,211.893748,209.369932,207.87446,archive\Shell\Shell_44.jpg
Shell_45.jpg,Shell,105.4736328125,500,500,3,1.0,21.545663858624,210.327568,17.155992166160953,3.436138101593397,212.280208,209.830108,207.854888,archive\Shell\Shell_45.jpg
Shell_46.jpg,Shell,109.4345703125,500,500,3,1.0,28.388955970416,209.09798,16.86360328991405,3.7080558530264494,210.867004,208.604632,207.0471,archive\Shell\Shell_46.jpg
Shell_47.jpg,Shell,99.2470703125,500,500,3,1.0,16.01479599,209.73482,17.12082087890648,3.4276848471417507,211.038664,209.272044,208.8294,archive\Shell\Shell_47.jpg
Shell_48.jpg,Shell,100.77734375,500,500,3,1.0,16.810887695296,210.521928,17.837265462026853,3.4878713911613866,212.214108,209.938068,209.148224,archive\Shell\Shell_48.jpg
Shell_49.jpg,Shell,96.626953125,500,500,3,1.0,12.863431881664,218.09848,19.228978695957828,3.8189643860279374,220.280652,217.683488,214.851872,archive\Shell\Shell_49.jpg
Shell_50.jpg,Shell,101.3583984375,500,500,3,1.0,19.873171992944,211.187664,17.95526992899589,3.6286935668746354,212.7957,210.557928,210.320284,archive\Shell\Shell_50.jpg
Shell_51.jpg,Shell,95.5302734375,500,500,3,1.0,14.482791995904,212.44766,16.148268654081775,3.1640853828957036,214.350772,211.786112,210.767796,archive\Shell\Shell_51.jpg
Shell_52.jpg,Shell,95.71484375,500,500,3,1.0,10.934011984624002,209.614376,18.240802781967247,3.6112904121116465,211.732464,208.91302,207.38584,archive\Shell\Shell_52.jpg
Shell_53.jpg,Shell,103.3212890625,500,500,3,1.0,16.910071792064,207.199644,19.406438165548668,3.699505588968099,209.186024,206.609368,204.783944,archive\Shell\Shell_53.jpg
Shell_54.jpg,Shell,97.435546875,500,500,3,1.0,15.255019855599999,216.44956,22.986255367205857,3.8906023115980863,218.789052,215.949372,213.109064,archive\Shell\Shell_54.jpg
Shell_55.jpg,Shell,91.111328125,500,500,3,1.0,8.646695987455999,218.426556,17.986575826956727,3.593069801861042,219.933072,218.068048,216.395872,archive\Shell\Shell_55.jpg
Shell_56.jpg,Shell,97.9912109375,500,500,3,1.0,15.666371973103999,214.762008,22.550712445684194,4.0598638734933665,217.268232,214.268508,210.472072,archive\Shell\Shell_56.jpg
Shell_57.jpg,Shell,100.48828125,500,500,3,1.0,19.437723958383998,223.86454,14.425965984584879,3.2152492021397827,225.228896,223.523956,222.33508,archive\Shell\Shell_57.jpg
Slight Insect Damage_01.jpg,Slight Insect Damage,93.4853515625,500,500,3,1.0,10.309543712703999,207.23424,18.61516552766588,3.8417967354913265,209.412904,206.539904,205.326664,archive\Slight Insect Damage\Slight Insect Damage_01.jpg
Slight Insect Damage_02.jpg,Slight Insect Damage,79.3193359375,500,500,3,1.0,10.909215998976,230.507692,20.62012097038075,4.27070543487948,233.98574,229.92096,224.04724,archive\Slight Insect Damage\Slight Insect Damage_02.jpg
Slight Insect Damage_03.jpg,Slight Insect Damage,79.4404296875,500,500,3,1.0,16.499195970416,231.694116,22.50285312973766,3.81681193463779,235.281788,230.982092,225.464688,archive\Slight Insect Damage\Slight Insect Damage_03.jpg
Slight Insect Damage_04.jpg,Slight Insect Damage,79.6728515625,500,500,3,1.0,18.082715975664,231.881388,22.91529461284441,4.089203034268085,235.003648,231.102104,227.22724,archive\Slight Insect Damage\Slight Insect Damage_04.jpg
Slight Insect Damage_05.jpg,Slight Insect Damage,80.7255859375,500,500,3,1.0,19.506311983616,230.688604,20.23871074281126,3.8499681584734886,232.761784,230.232548,227.131648,archive\Slight Insect Damage\Slight Insect Damage_05.jpg
Slight Insect Damage_06.jpg,Slight Insect Damage,81.9228515625,500,500,3,1.0,18.747987995375997,230.638996,21.638341898398405,3.8397755644384532,234.554152,229.940504,223.46834,archive\Slight Insect Damage\Slight Insect Damage_06.jpg
Slight Insect Damage_07.jpg,Slight Insect Damage,83.873046875,500,500,3,1.0,16.3676079856,229.419312,17.340499688493868,3.821954478754119,231.682804,228.82782,225.723136,archive\Slight Insect Damage\Slight Insect Damage_07.jpg
Slight Insect Damage_08.jpg,Slight Insect Damage,83.9921875,500,500,3,1.0,13.52386799,227.529784,12.824839683728758,3.963264519888349,230.941284,226.72872,221.830044,archive\Slight Insect Damage\Slight Insect Damage_08.jpg
Slight Insect Damage_09.jpg,Slight Insect Damage,75.6494140625,500,500,3,1.0,11.217039887103999,232.815092,15.83925443420668,3.325898857723872,236.064928,232.102632,227.244444,archive\Slight Insect Damage\Slight Insect Damage_09.jpg
Slight Insect Damage_10.jpg,Slight Insect Damage,80.2109375,500,500,3,1.0,12.653467795695999,230.090108,18.21500822257119,3.735923096166613,232.239596,229.763268,226.114712,archive\Slight Insect Damage\Slight Insect Damage_10.jpg
Slight Insect Damage_11.jpg,Slight Insect Damage,81.177734375,500,500,3,1.0,11.332527892416,228.693028,16.8385385408359,3.883506907381637,230.692764,228.190444,225.325484,archive\Slight Insect Damage\Slight Insect Damage_11.jpg
Slight Insect Damage_12.jpg,Slight Insect Damage,73.3271484375,500,500,3,1.0,9.489688,232.532244,18.355629554021405,3.651338095955449,235.25938,231.945016,227.9062,archive\Slight Insect Damage\Slight Insect Damage_12.jpg
Slight Insect Damage_13.jpg,Slight Insect Damage,86.150390625,500,500,3,1.0,20.677799996864003,225.382284,27.43009659012057,4.005973595197842,228.953812,224.511688,219.806648,archive\Slight Insect Damage\Slight Insect Damage_13.jpg
Slight Insect Damage_14.jpg,Slight Insect Damage,85.9482421875,500,500,3,1.0,12.013895721216,224.954236,21.064362075702743,4.165727244864399,228.29866,223.986408,220.326148,archive\Slight Insect Damage\Slight Insect Damage_14.jpg
Slight Insect Damage_15.jpg,Slight Insect Damage,107.84375,500,500,3,1.0,26.050031852544,198.41198,27.731855698449028,4.3159642963986675,201.36028,197.517472,195.071152,archive\Slight Insect Damage\Slight Insect Damage_15.jpg
Slight Insect Damage_16.jpg,Slight Insect Damage,90.8818359375,500,500,3,1.0,25.329971889775997,221.07574,24.840301033852228,4.612756950103381,224.418604,220.173412,216.49968,archive\Slight Insect Damage\Slight Insect Damage_16.jpg
Slight Insect Damage_17.jpg,Slight Insect Damage,82.8818359375,500,500,3,1.0,13.660659982576002,229.066464,20.949325682147958,4.244871343842536,232.4219,228.5174,222.759688,archive\Slight Insect Damage\Slight Insect Damage_17.jpg
Slight Insect Damage_18.jpg,Slight Insect Damage,74.357421875,500,500,3,1.0,8.841315928176,219.648808,21.535492383020546,4.019599016833726,222.3835,218.614304,216.936644,archive\Slight Insect Damage\Slight Insect Damage_18.jpg
Slight Insect Damage_19.jpg,Slight Insect Damage,85.7314453125,500,500,3,1.0,15.066695992256,223.212552,19.568847018853614,3.979014068669544,226.866448,222.118252,218.410464,archive\Slight Insect Damage\Slight Insect Damage_19.jpg
Slight Insect Damage_20.jpg,Slight Insect Damage,120.447265625,500,500,3,1.0,32.48691599998401,189.00268,34.54102350564615,5.609554410243688,193.759928,187.8179,182.7278,archive\Slight Insect Damage\Slight Insect Damage_20.jpg
Slight Insect Damage_21.jpg,Slight Insect Damage,91.28515625,500,500,3,1.0,14.332499999856001,227.630252,17.647801291279773,3.840126227209826,231.041148,226.943708,222.19064,archive\Slight Insect Damage\Slight Insect Damage_21.jpg
Slight Insect Damage_22.jpg,Slight Insect Damage,84.1123046875,500,500,3,1.0,17.596415994816002,228.538392,19.79775376284734,3.658742894434212,231.071556,227.858084,224.61616,archive\Slight Insect Damage\Slight Insect Damage_22.jpg
Slight Insect Damage_23.jpg,Slight Insect Damage,86.0693359375,500,500,3,1.0,15.155799990783999,228.239948,18.80184621140424,4.030372760945921,231.7998,227.415564,222.481496,archive\Slight Insect Damage\Slight Insect Damage_23.jpg
Slight Insect Damage_24.jpg,Slight Insect Damage,113.591796875,500,500,3,1.0,26.214003999856004,189.933108,33.296235484816236,5.43475514960046,194.076604,189.137336,182.926196,archive\Slight Insect Damage\Slight Insect Damage_24.jpg
Slight Insect Damage_25.jpg,Slight Insect Damage,115.1806640625,500,500,3,1.0,22.940883999216002,189.529036,30.002476912926774,5.501602033427664,194.042804,188.591184,182.358624,archive\Slight Insect Damage\Slight Insect Damage_25.jpg
Slight Insect Damage_26.jpg,Slight Insect Damage,90.744140625,500,500,3,1.0,19.3891359424,224.74418,22.28317625760744,4.385476071530757,228.681876,223.878016,218.21852,archive\Slight Insect Damage\Slight Insect Damage_26.jpg
Slight Insect Damage_27.jpg,Slight Insect Damage,81.794921875,500,500,3,1.0,15.451507994224,231.059872,22.174812363211014,3.951787191922382,234.24628,230.285416,226.07008,archive\Slight Insect Damage\Slight Insect Damage_27.jpg
Slight Insect Damage_28.jpg,Slight Insect Damage,87.35546875,500,500,3,1.0,16.800923980399997,228.0158,20.576643612601156,4.004126816850874,232.121536,227.20938,220.744308,archive\Slight Insect Damage\Slight Insect Damage_28.jpg
Slight Insect Damage_29.jpg,Slight Insect Damage,92.6181640625,500,500,3,1.0,26.196911992256002,224.496488,30.628386892976522,3.9083813379511447,228.197772,223.258796,220.170572,archive\Slight Insect Damage\Slight Insect Damage_29.jpg
Slight Insect Damage_30.jpg,Slight Insect Damage,108.90234375,500,500,3,1.0,18.849183987456,189.54454,27.790052756128407,5.256838301454615,193.08706,188.689848,184.669964,archive\Slight Insect Damage\Slight Insect Damage_30.jpg
Slight Insect Damage_31.jpg,Slight Insect Damage,97.203125,500,500,3,1.0,27.8656479936,221.345208,27.668995056502073,4.620255681832051,226.8433,220.066844,213.2438,archive\Slight Insect Damage\Slight Insect Damage_31.jpg
Slight Insect Damage_32.jpg,Slight Insect Damage,89.5107421875,500,500,3,1.0,16.824947999984,223.580464,20.333855452046077,4.1279294003047875,227.430052,222.694136,217.45172,archive\Slight Insect Damage\Slight Insect Damage_32.jpg
Slight Insect Damage_33.jpg,Slight Insect Damage,72.3251953125,500,500,3,1.0,12.162743985600002,234.002392,18.794382838452982,3.2665986113258563,236.888064,233.301424,229.40034,archive\Slight Insect Damage\Slight Insect Damage_33.jpg
Slight Insect Damage_34.jpg,Slight Insect Damage,104.6103515625,500,500,3,1.0,12.831439704064,187.491256,30.47099019629103,4.8669834371620135,191.39008,186.595152,181.718032,archive\Slight Insect Damage\Slight Insect Damage_34.jpg
Slight Insect Damage_35.jpg,Slight Insect Damage,85.3720703125,500,500,3,1.0,15.113695996864001,227.395716,21.759249546970686,4.281837437765536,230.57656,226.685792,222.164284,archive\Slight Insect Damage\Slight Insect Damage_35.jpg
Slight Insect Damage_36.jpg,Slight Insect Damage,107.88671875,500,500,3,1.0,19.238027999984,192.227436,31.574029531656297,4.720360937038962,195.96848,191.181264,187.902556,archive\Slight Insect Damage\Slight Insect Damage_36.jpg
Slight Insect Damage_37.jpg,Slight Insect Damage,117.2177734375,500,500,3,1.0,43.4334678556,201.893752,23.07039954926,4.2411111254432985,204.316688,200.831116,201.271612,archive\Slight Insect Damage\Slight Insect Damage_37.jpg
Slight Insect Damage_38.jpg,Slight Insect Damage,91.486328125,500,500,3,1.0,26.645527858624,219.922712,26.673668112298618,4.395133925215514,224.102004,218.782748,214.02452,archive\Slight Insect Damage\Slight Insect Damage_38.jpg
Slight Insect Damage_39.jpg,Slight Insect Damage,112.9873046875,500,500,3,1.0,30.927659973104,188.316048,34.33775533813613,5.3274032190536325,191.759032,187.286468,184.584496,archive\Slight Insect Damage\Slight Insect Damage_39.jpg
Slight Insect Damage_40.jpg,Slight Insect Damage,112.4453125,500,500,3,1.0,22.362379773424,191.384608,30.763773056735676,5.472748563169035,195.950068,190.37884,184.45556,archive\Slight Insect Damage\Slight Insect Damage_40.jpg
Slight Insect Damage_41.jpg,Slight Insect Damage,84.828125,500,500,3,1.0,14.007219975664,226.14672,21.701376574807416,4.03146898143517,229.85616,225.14154,220.74572,archive\Slight Insect Damage\Slight Insect Damage_41.jpg
Slight Insect Damage_42.jpg,Slight Insect Damage,130.7919921875,500,500,3,1.0,51.0892079744,195.681992,27.7804653472892,4.769938225374757,199.104908,194.471496,193.07578,archive\Slight Insect Damage\Slight Insect Damage_42.jpg
Slight Insect Damage_43.jpg,Slight Insect Damage,87.2763671875,500,500,3,1.0,21.151875900144,223.20768,28.007548357855242,3.841224318543562,226.362036,222.088288,219.823044,archive\Slight Insect Damage\Slight Insect Damage_43.jpg
Slight Insect Damage_44.jpg,Slight Insect Damage,87.5791015625,500,500,3,1.0,15.258995989999999,230.074276,16.407973399412374,3.7378369587623963,233.467656,229.047136,225.645028,archive\Slight Insect Damage\Slight Insect Damage_44.jpg
Slight Insect Damage_45.jpg,Slight Insect Damage,105.5693359375,500,500,3,1.0,20.5486479216,184.121264,34.78983401860814,4.9693406726070455,187.903428,182.874728,180.561372,archive\Slight Insect Damage\Slight Insect Damage_45.jpg
Slight Insect Damage_46.jpg,Slight Insect Damage,115.4873046875,500,500,3,1.0,28.466095470016,193.236112,37.04706275973112,5.226092150470994,197.093404,192.297872,187.988536,archive\Slight Insect Damage\Slight Insect Damage_46.jpg
Slight Insect Damage_47.jpg,Slight Insect Damage,114.685546875,500,500,3,1.0,27.4688155904,195.023068,26.677794209180338,5.041157806074404,198.567712,194.260024,189.694108,archive\Slight Insect Damage\Slight Insect Damage_47.jpg
Slight Insect Damage_48.jpg,Slight Insect Damage,119.740234375,500,500,3,1.0,35.712399712704006,205.171196,23.495942967448315,4.02587123200604,207.812928,204.284076,202.886704,archive\Slight Insect Damage\Slight Insect Damage_48.jpg
Slight Insect Damage_49.jpg,Slight Insect Damage,122.6875,500,500,3,1.0,32.435519966144,204.40558,23.056048509308788,4.211427043832846,207.29982,203.417216,202.007148,archive\Slight Insect Damage\Slight Insect Damage_49.jpg
Slight Insect Damage_50.jpg,Slight Insect Damage,111.6767578125,500,500,3,1.0,27.429295976895997,196.581056,28.016238539905103,4.955912018702193,199.977904,195.82224,191.429076,archive\Slight Insect Damage\Slight Insect Damage_50.jpg
Slight Insect Damage_51.jpg,Slight Insect Damage,108.7158203125,500,500,3,1.0,20.634599994815996,191.833548,28.091525728085614,5.194205953136668,196.173332,190.886996,185.267568,archive\Slight Insect Damage\Slight Insect Damage_51.jpg
Slight Insect Damage_52.jpg,Slight Insect Damage,104.2314453125,500,500,3,1.0,14.784739928175998,190.328164,25.339726920176233,4.7505194278685385,194.181492,189.230304,185.80288,archive\Slight Insect Damage\Slight Insect Damage_52.jpg
Slight Insect Damage_53.jpg,Slight Insect Damage,102.7119140625,500,500,3,1.0,20.430403955056,191.359948,27.741998367768964,5.05801215199892,194.5536,190.22488,188.895316,archive\Slight Insect Damage\Slight Insect Damage_53.jpg
Slight Insect Damage_54.jpg,Slight Insect Damage,104.4462890625,500,500,3,1.0,17.391191777216,195.466004,25.96042365355358,4.630901175226626,199.38796,194.402136,190.614552,archive\Slight Insect Damage\Slight Insect Damage_54.jpg
Slight Insect Damage_55.jpg,Slight Insect Damage,129.41015625,500,500,3,1.0,55.771675940464,191.968004,25.393673469113992,5.277098022566804,195.669808,190.9039,187.7777,archive\Slight Insect Damage\Slight Insect Damage_55.jpg
Withered_01.jpg,Withered,97.21875,500,500,3,1.0,17.132559987456,205.430936,26.590414178118852,4.187541905212875,208.297128,204.747188,201.695956,archive\Withered\Withered_01.jpg
Withered_02.jpg,Withered,98.361328125,500,500,3,1.0,13.581199946176,205.217064,23.781863745718166,4.536995752297854,208.077124,204.50452,201.58406,archive\Withered\Withered_02.jpg
Withered_03.jpg,Withered,103.6328125,500,500,3,1.0,21.6069959804,209.63748,21.03235572278103,4.144560358187734,212.092864,208.843996,207.455072,archive\Withered\Withered_03.jpg
Withered_04.jpg,Withered,96.599609375,500,500,3,1.0,13.968951971776,204.45116,19.96515982040715,4.403735887871432,206.489632,203.675156,203.329312,archive\Withered\Withered_04.jpg
Withered_05.jpg,Withered,107.2255859375,500,500,3,1.0,22.254171958384,199.794296,20.449429670882854,4.953488746335807,202.964156,198.8239,196.643592,archive\Withered\Withered_05.jpg
Withered_06.jpg,Withered,103.1875,500,500,3,1.0,19.841703887104,209.554212,19.10697435647664,3.879394922615086,212.269272,208.690188,206.77618,archive\Withered\Withered_06.jpg
Withered_07.jpg,Withered,99.86328125,500,500,3,1.0,12.384795992944,209.68494,18.89266305199984,3.981372391710703,212.199412,208.935772,206.893344,archive\Withered\Withered_07.jpg
Withered_08.jpg,Withered,102.693359375,500,500,3,1.0,14.676331997296,202.440596,21.622168604577663,4.377041350436715,205.555832,201.641504,198.229604,archive\Withered\Withered_08.jpg
Withered_09.jpg,Withered,100.5361328125,500,500,3,1.0,12.290691663600002,202.92742,15.407807895466506,4.571574547181795,206.233204,201.977884,199.132092,archive\Withered\Withered_09.jpg
Withered_10.jpg,Withered,100.5322265625,500,500,3,1.0,16.454751695296,193.095536,21.01807205413246,4.8934848269710365,196.894036,191.745612,190.20972,archive\Withered\Withered_10.jpg
Withered_11.jpg,Withered,99.083984375,500,500,3,1.0,24.976947970416003,209.079136,20.460780080278074,4.18653197506411,211.679488,208.44766,205.79486,archive\Withered\Withered_11.jpg
Withered_12.jpg,Withered,99.8046875,500,500,3,1.0,19.182235994223998,208.155344,24.92994529158987,4.054177991173031,210.15384,207.532352,206.418036,archive\Withered\Withered_12.jpg
Withered_13.jpg,Withered,94.3193359375,500,500,3,1.0,10.378059944304,202.725984,22.994569690075608,4.622367370603604,204.834972,202.057948,200.891416,archive\Withered\Withered_13.jpg
Withered_14.jpg,Withered,99.77734375,500,500,3,1.0,21.821823999936,203.910528,22.65106078666551,4.607886980530825,205.458932,203.319568,203.169628,archive\Withered\Withered_14.jpg
Withered_15.jpg,Withered,105.4326171875,500,500,3,1.0,18.667655912384003,196.938496,20.868015747981023,4.999504000919985,199.893068,196.056472,193.84028,archive\Withered\Withered_15.jpg
Withered_16.jpg,Withered,110.30859375,500,500,3,1.0,29.479759998399995,196.18864,37.06040505648043,4.808065923483358,198.968732,195.347212,193.057136,archive\Withered\Withered_16.jpg
Withered_17.jpg,Withered,106.97265625,500,500,3,1.0,26.956763765744,202.13842,26.546400959519918,4.478124685077548,204.618764,201.470668,198.956404,archive\Withered\Withered_17.jpg
Withered_18.jpg,Withered,95.873046875,500,500,3,1.0,14.8603275376,198.131752,24.525429443956654,3.6800832725949326,201.08454,197.406664,193.697656,archive\Withered\Withered_18.jpg
Withered_19.jpg,Withered,100.5322265625,500,500,3,1.0,21.895491905136005,195.976664,23.43732116584794,4.585565542172377,198.965456,195.087192,192.345608,archive\Withered\Withered_19.jpg
Withered_20.jpg,Withered,93.7373046875,500,500,3,1.0,10.446215996863998,188.444928,22.9249819863575,5.006966992521519,191.567444,187.422712,185.428236,archive\Withered\Withered_20.jpg
Withered_21.jpg,Withered,100.52734375,500,500,3,1.0,21.693263997696,207.003308,23.17839910470816,4.023195796091569,209.674504,206.358284,203.631216,archive\Withered\Withered_21.jpg
Withered_22.jpg,Withered,103.896484375,500,500,3,1.0,23.080763980399997,205.765828,24.416601063096724,4.127275303800082,207.888708,205.2061,203.367024,archive\Withered\Withered_22.jpg
Withered_23.jpg,Withered,99.787109375,500,500,3,1.0,18.431011843184002,203.860916,21.609224225800983,4.466629141824923,205.46152,203.332292,202.634432,archive\Withered\Withered_23.jpg
Withered_24.jpg,Withered,99.7919921875,500,500,3,1.0,12.1431078844,193.734284,24.737831089393104,5.270782424130636,196.98354,192.88932,189.64886,archive\Withered\Withered_24.jpg
Withered_25.jpg,Withered,109.19921875,500,500,3,1.0,21.890927996863997,196.541164,23.09091426351724,5.095696194990857,199.550104,195.761144,192.776644,archive\Withered\Withered_25.jpg
Withered_26.jpg,Withered,104.4033203125,500,500,3,1.0,17.265959981504,193.588756,36.32975951437697,4.961747502874609,196.059244,192.912972,190.602244,archive\Withered\Withered_26.jpg
Withered_27.jpg,Withered,106.9638671875,500,500,3,1.0,20.5226996636,199.7861,28.62191738493423,4.43265494797082,201.995448,199.196576,197.123308,archive\Withered\Withered_27.jpg
Withered_28.jpg,Withered,101.3603515625,500,500,3,1.0,18.838991983616,195.737212,24.54331376295907,4.684880966850596,198.645136,195.044024,191.314616,archive\Withered\Withered_28.jpg
Withered_29.jpg,Withered,103.560546875,500,500,3,1.0,25.575223981504,193.853096,25.40832090506541,4.088865272433363,196.40756,193.092476,190.777012,archive\Withered\Withered_29.jpg
Withered_30.jpg,Withered,94.8984375,500,500,3,1.0,10.982843895024,188.143852,22.72753780333664,5.083946584323188,190.86292,187.340432,185.029312,archive\Withered\Withered_30.jpg
Withered_31.jpg,Withered,108.673828125,500,500,3,1.0,29.859235958384,202.706416,31.63600961617859,4.452270867340304,206.1454,201.757716,198.348812,archive\Withered\Withered_31.jpg
Withered_32.jpg,Withered,115.478515625,500,500,3,1.0,31.0059158844,202.035184,24.413041311687163,4.824119576678019,205.922548,201.126832,196.410172,archive\Withered\Withered_32.jpg
Withered_33.jpg,Withered,109.3525390625,500,500,3,1.0,32.281051914736,201.958508,24.242937330569823,4.499655144011799,204.81592,200.9557,199.73498,archive\Withered\Withered_33.jpg
Withered_34.jpg,Withered,109.037109375,500,500,3,1.0,24.641755961584003,196.498856,22.37292378504124,5.168482621836422,199.7902,195.42854,193.429324,archive\Withered\Withered_34.jpg
Withered_35.jpg,Withered,99.412109375,500,500,3,1.0,12.843135930304,202.198028,23.85696252483153,4.581222988443746,205.216968,201.295368,198.98442,archive\Withered\Withered_35.jpg
Withered_36.jpg,Withered,112.9697265625,500,500,3,1.0,29.814491914736003,196.854572,27.785006580830892,5.2061520712463905,200.546136,195.976996,191.626744,archive\Withered\Withered_36.jpg
Withered_37.jpg,Withered,106.3984375,500,500,3,1.0,20.8196119804,203.177108,23.53888520632054,4.683422612529527,206.036404,202.39514,199.466616,archive\Withered\Withered_37.jpg
Withered_38.jpg,Withered,101.7724609375,500,500,3,1.0,14.991499999599998,198.287208,21.612353494349847,4.571779095565721,201.759668,197.458244,193.375212,archive\Withered\Withered_38.jpg
Withered_39.jpg,Withered,105.359375,500,500,3,1.0,21.205751985600003,193.168132,26.30621887749313,4.710512079886009,196.414872,192.260264,189.334256,archive\Withered\Withered_39.jpg
Withered_40.jpg,Withered,106.84375,500,500,3,1.0,26.126835958384,186.595272,27.037956491680653,5.367997297831869,190.289876,185.336188,183.508928,archive\Withered\Withered_40.jpg
Withered_41.jpg,Withered,116.3271484375,500,500,3,1.0,35.85305599078401,198.062232,36.07634337316042,4.568777206563303,201.279256,197.205484,193.93062,archive\Withered\Withered_41.jpg
Withered_42.jpg,Withered,121.0234375,500,500,3,1.0,37.2607830784,200.295516,25.165122894469324,4.7057474711709615,203.965144,199.577316,194.262816,archive\Withered\Withered_42.jpg
Withered_43.jpg,Withered,111.650390625,500,500,3,1.0,33.0020838844,201.297848,26.35336636122406,4.276242103537,203.723484,200.672484,198.301868,archive\Withered\Withered_43.jpg
Withered_44.jpg,Withered,112.779296875,500,500,3,1.0,28.418111994815998,196.94778,25.3784474913577,4.797515464183327,199.967612,196.144448,193.16762,archive\Withered\Withered_44.jpg
Withered_45.jpg,Withered,113.3974609375,500,500,3,1.0,23.083459635184003,194.626544,27.80302937839803,5.025561249013271,197.9488,193.943348,189.264248,archive\Withered\Withered_45.jpg
Withered_46.jpg,Withered,95.986328125,500,500,3,1.0,9.870171919344001,203.526348,21.788216672846268,4.547270537766502,206.515112,202.826696,199.162944,archive\Withered\Withered_46.jpg
Withered_47.jpg,Withered,111.8271484375,500,500,3,1.0,24.573047995904002,199.799092,26.0614731735475,4.752328956240447,202.543884,199.109872,195.927732,archive\Withered\Withered_47.jpg
Withered_48.jpg,Withered,106.7880859375,500,500,3,1.0,15.165679956736001,195.30052,25.131133514618874,4.843316140402401,198.36838,194.53846,190.964364,archive\Withered\Withered_48.jpg
Withered_49.jpg,Withered,109.81640625,500,500,3,1.0,21.412315984623998,192.161028,27.18728206318565,4.914082956665893,195.457512,191.329264,187.672184,archive\Withered\Withered_49.jpg
Withered_50.jpg,Withered,110.49609375,500,500,3,1.0,27.704563802864,190.076344,27.725131768734013,5.00061101938771,193.83938,188.9888,185.711096,archive\Withered\Withered_50.jpg
Withered_51.jpg,Withered,97.9423828125,500,500,3,1.0,12.704019895024002,194.382488,22.682796629380952,4.661851836850792,197.705128,193.696416,188.912012,archive\Withered\Withered_51.jpg
Withered_52.jpg,Withered,96.7529296875,500,500,3,1.0,10.623887946176,194.449104,18.702975207094298,4.852944370903962,198.032596,193.66206,188.783464,archive\Withered\Withered_52.jpg
Withered_53.jpg,Withered,95.46875,500,500,3,1.0,10.089467944304001,185.876732,22.03635652734308,5.203430455920531,189.22512,184.889684,182.026484,archive\Withered\Withered_53.jpg
Withered_54.jpg,Withered,104.8828125,500,500,3,1.0,29.201179802864,210.647804,21.823074255878435,3.790106815982735,213.398892,209.789816,208.02796,archive\Withered\Withered_54.jpg
